stage,variant,case,family,collision,goal_reached,mission_outcome,observed_duration_s,minimum_true_hull_clearance_m,north_progress_m,budget_unknown_fraction,mean_integration_steps
R08_open,u2_exhaustive_b2000000,crossing_000,crossing,False,,,20.000000000000004,4.122120704156996,2.7224711881096617,0.0,625.61
R08_open,u2_exhaustive_b2048,crossing_000,crossing,True,,,12.0,-0.03956961034937079,11.343916389558455,0.31666666666666665,1007.0583333333333
R08_open,u2_exhaustive_b512,crossing_000,crossing,True,,,13.5,-0.042618632792156275,11.245161243357376,0.4,348.0740740740741
R08_open,u2_first_b2000000,crossing_000,crossing,False,,,20.000000000000004,4.122120704156996,2.7224711881096617,0.0,138.61
R08_open,u2_first_b2048,crossing_000,crossing,True,,,12.0,-0.03956961034937079,11.343916389558455,0.31666666666666665,869.3
R08_open,u2_first_b512,crossing_000,crossing,True,,,13.6,-0.007309704439983689,11.1909669824103,0.34558823529411764,243.51470588235293
R08_open,u4_first_b2000000,crossing_000,crossing,False,,,20.000000000000004,4.122120704156996,2.7224711881096617,0.0,114.055
R08_open,u4_first_b2048,crossing_000,crossing,False,,,20.000000000000004,1.1178820819016733,3.765043644756382,0.165,592.05
R08_open,u4_first_b512,crossing_000,crossing,True,,,13.3,-0.05383098693233901,11.29596936318985,0.3383458646616541,220.6315789473684
R08_open,u2_exhaustive_b2000000,crossing_001,crossing,False,,,20.000000000000004,5.172813522584138,1.2342650457008055,0.0,1036.9
R08_open,u2_exhaustive_b2048,crossing_001,crossing,False,,,20.000000000000004,0.3737047403950402,3.9051548832242053,0.345,1002.645
R08_open,u2_exhaustive_b512,crossing_001,crossing,False,,,20.000000000000004,0.4061104410741109,3.706660117237102,0.58,420.73
R08_open,u2_first_b2000000,crossing_001,crossing,False,,,20.000000000000004,5.172813522584138,1.2342650457008055,0.0,597.64
R08_open,u2_first_b2048,crossing_001,crossing,False,,,20.000000000000004,0.3737047403950402,3.9051548832242053,0.345,827.585
R08_open,u2_first_b512,crossing_001,crossing,False,,,20.000000000000004,0.5393748555727962,3.8192304914280637,0.385,261.53
R08_open,u4_first_b2000000,crossing_001,crossing,False,,,20.000000000000004,5.193007488636557,1.229611400892737,0.0,378.6
R08_open,u4_first_b2048,crossing_001,crossing,False,,,20.000000000000004,0.060975957503905276,5.051866198030911,0.26,797.095
R08_open,u4_first_b512,crossing_001,crossing,False,,,20.000000000000004,0.5407459359291138,4.073833185704917,0.375,254.095
R08_open,u2_exhaustive_b2000000,crossing_002,crossing,False,,,20.000000000000004,1.568069284878102,1.9103632924664602,0.0,875.05
R08_open,u2_exhaustive_b2048,crossing_002,crossing,True,,,7.2,-0.028154369513032518,7.775928012601371,0.4305555555555556,1226.2083333333333
R08_open,u2_exhaustive_b512,crossing_002,crossing,True,,,6.7,-0.07874889437034882,7.547183276215678,0.6268656716417911,435.0149253731343
R08_open,u2_first_b2000000,crossing_002,crossing,False,,,20.000000000000004,1.568069284878102,1.9103632924664602,0.0,451.77
R08_open,u2_first_b2048,crossing_002,crossing,True,,,7.2,-0.028154369513032518,7.775928012601371,0.4305555555555556,1152.125
R08_open,u2_first_b512,crossing_002,crossing,True,,,6.7,-0.07874889437034882,7.547183276215678,0.6119402985074627,356.7313432835821
R08_open,u4_first_b2000000,crossing_002,crossing,False,,,20.000000000000004,1.570643801560161,1.9023092399459136,0.0,292.675
R08_open,u4_first_b2048,crossing_002,crossing,True,,,7.9,-0.03245755725376476,7.869223387289249,0.31645569620253167,998.3924050632911
R08_open,u4_first_b512,crossing_002,crossing,True,,,6.7,-0.09556126965225564,7.5504957789512614,0.582089552238806,345.05970149253733
R08_open,u2_exhaustive_b2000000,crossing_003,crossing,False,,,20.000000000000004,2.0200426262894053,2.449974494804726,0.0,791.665
R08_open,u2_exhaustive_b2048,crossing_003,crossing,False,,,20.000000000000004,0.1917081308366113,19.966519412109268,0.17,742.105
R08_open,u2_exhaustive_b512,crossing_003,crossing,False,,,20.000000000000004,0.19341139330190393,14.24936844647695,0.28,382.58
R08_open,u2_first_b2000000,crossing_003,crossing,False,,,20.000000000000004,2.0200426262894053,2.449974494804726,0.0,357.325
R08_open,u2_first_b2048,crossing_003,crossing,False,,,20.000000000000004,0.1917081308366113,19.966519412109268,0.17,474.275
R08_open,u2_first_b512,crossing_003,crossing,False,,,20.000000000000004,0.3854181060058708,12.717679000605887,0.215,183.235
R08_open,u4_first_b2000000,crossing_003,crossing,False,,,20.000000000000004,2.0200426262894053,2.449974494804726,0.0,240.895
R08_open,u4_first_b2048,crossing_003,crossing,False,,,20.000000000000004,0.06159162732519552,20.044366252830507,0.11,447.735
R08_open,u4_first_b512,crossing_003,crossing,False,,,20.000000000000004,0.3847823745913286,14.82827625411392,0.2,162.815
R08_open,u2_exhaustive_b2000000,crossing_004,crossing,False,,,20.000000000000004,1.880908825428449,3.131389578357049,0.0,771.17
R08_open,u2_exhaustive_b2048,crossing_004,crossing,False,,,20.000000000000004,1.0448541152996629,5.080333012514085,0.255,924.595
R08_open,u2_exhaustive_b512,crossing_004,crossing,False,,,20.000000000000004,0.3659536399962988,17.222777860622244,0.655,420.19
R08_open,u2_first_b2000000,crossing_004,crossing,False,,,20.000000000000004,1.880908825428449,3.131389578357049,0.0,378.525
R08_open,u2_first_b2048,crossing_004,crossing,False,,,20.000000000000004,1.0448541152996629,5.080333012514085,0.255,648.495
R08_open,u2_first_b512,crossing_004,crossing,False,,,20.000000000000004,0.8956275389513222,15.105175824054559,0.295,231.82
R08_open,u4_first_b2000000,crossing_004,crossing,False,,,20.000000000000004,1.9013459689143803,2.9870928080253343,0.0,263.31
R08_open,u4_first_b2048,crossing_004,crossing,False,,,20.000000000000004,1.1170511098269917,17.33878884044651,0.19,598.635
R08_open,u4_first_b512,crossing_004,crossing,False,,,20.000000000000004,0.9014648091257784,8.940011708982734,0.29,256.255
R08_open,u2_exhaustive_b2000000,crossing_005,crossing,False,,,20.000000000000004,2.6210550676334554,0.7334022415022448,0.0,999.425
R08_open,u2_exhaustive_b2048,crossing_005,crossing,False,,,20.000000000000004,0.45623516904344674,18.17692323627233,0.235,893.66
R08_open,u2_exhaustive_b512,crossing_005,crossing,False,,,20.000000000000004,0.4254287433621422,16.948252762355615,0.75,443.055
R08_open,u2_first_b2000000,crossing_005,crossing,False,,,20.000000000000004,2.6210550676334554,0.7334022415022448,0.0,596.565
R08_open,u2_first_b2048,crossing_005,crossing,False,,,20.000000000000004,0.45623516904344674,18.17692323627233,0.235,605.48
R08_open,u2_first_b512,crossing_005,crossing,False,,,20.000000000000004,0.4254287433621422,18.441500561324595,0.28,199.885
R08_open,u4_first_b2000000,crossing_005,crossing,False,,,20.000000000000004,2.637124890842194,0.7003172166373925,0.0,378.055
R08_open,u4_first_b2048,crossing_005,crossing,False,,,20.000000000000004,1.0015511562440498,9.184791743058776,0.195,694.7
R08_open,u4_first_b512,crossing_005,crossing,False,,,20.000000000000004,0.4241033694845484,18.96792033858212,0.265,194.88
R08_open,u2_exhaustive_b2000000,crossing_006,crossing,False,,,20.000000000000004,2.80610627961332,1.6930038689957136,0.0,718.745
R08_open,u2_exhaustive_b2048,crossing_006,crossing,True,,,12.5,-0.008471742458705078,11.168549728929644,0.36,1042.176
R08_open,u2_exhaustive_b512,crossing_006,crossing,True,,,10.9,-0.018794847581321217,10.151965125521363,0.6513761467889908,432.0
R08_open,u2_first_b2000000,crossing_006,crossing,False,,,20.000000000000004,2.80610627961332,1.6930038689957136,0.0,281.65
R08_open,u2_first_b2048,crossing_006,crossing,True,,,12.5,-0.008471742458705078,11.168549728929644,0.36,937.224
R08_open,u2_first_b512,crossing_006,crossing,True,,,11.8,-0.003742137058669548,10.565907036762576,0.4576271186440678,287.8474576271187
R08_open,u4_first_b2000000,crossing_006,crossing,False,,,20.000000000000004,2.80610627961332,1.6930038689957136,0.0,202.595
R08_open,u4_first_b2048,crossing_006,crossing,True,,,11.700000000000001,-0.006370130104594196,10.670029169102204,0.29914529914529914,908.0598290598291
R08_open,u4_first_b512,crossing_006,crossing,False,,,20.000000000000004,0.042967149561702334,17.903191296327567,0.255,182.125
R08_open,u2_exhaustive_b2000000,crossing_007,crossing,False,,,20.000000000000004,5.203637609314487,0.862767765939985,0.0,788.37
R08_open,u2_exhaustive_b2048,crossing_007,crossing,False,,,20.000000000000004,1.5168988864634145,5.022682248594478,0.345,1050.64
R08_open,u2_exhaustive_b512,crossing_007,crossing,False,,,20.000000000000004,0.9837135332916491,5.540715903033362,0.88,503.335
R08_open,u2_first_b2000000,crossing_007,crossing,False,,,20.000000000000004,5.203637609314487,0.862767765939985,0.0,329.775
R08_open,u2_first_b2048,crossing_007,crossing,False,,,20.000000000000004,1.5168988864634145,5.022682248594478,0.345,769.15
R08_open,u2_first_b512,crossing_007,crossing,False,,,20.000000000000004,1.5168988864634145,5.022682248594478,0.345,239.23
R08_open,u4_first_b2000000,crossing_007,crossing,False,,,20.000000000000004,5.203637609314487,0.862767765939985,0.0,231.365
R08_open,u4_first_b2048,crossing_007,crossing,False,,,20.000000000000004,1.7486662869359986,4.106403550670611,0.25,603.375
R08_open,u4_first_b512,crossing_007,crossing,False,,,20.000000000000004,1.5168988864634145,5.022682248594478,0.345,239.23
R08_open,u2_exhaustive_b2000000,crossing_008,crossing,False,,,20.000000000000004,3.1152628662113613,1.0197379650619425,0.0,934.78
R08_open,u2_exhaustive_b2048,crossing_008,crossing,False,,,20.000000000000004,0.6947339151224247,16.902482953798298,0.24,891.55
R08_open,u2_exhaustive_b512,crossing_008,crossing,False,,,20.000000000000004,0.6656082713789756,13.259151139378929,0.325,375.96
R08_open,u2_first_b2000000,crossing_008,crossing,False,,,20.000000000000004,3.1152628662113613,1.0197379650619425,0.0,510.43
R08_open,u2_first_b2048,crossing_008,crossing,False,,,20.000000000000004,0.6947339151224247,16.902482953798298,0.24,630.22
R08_open,u2_first_b512,crossing_008,crossing,False,,,20.000000000000004,0.7003651788897477,12.655808742013466,0.31,228.48
R08_open,u4_first_b2000000,crossing_008,crossing,False,,,20.000000000000004,3.1146470068645753,1.0194518203627911,0.0,331.88
R08_open,u4_first_b2048,crossing_008,crossing,False,,,20.000000000000004,0.5535898318073683,14.514455837892884,0.19,589.11
R08_open,u4_first_b512,crossing_008,crossing,False,,,20.000000000000004,0.7202232162835257,13.14154761235695,0.29,208.575
R08_open,u2_exhaustive_b2000000,crossing_009,crossing,False,,,20.000000000000004,2.5041451173753226,1.6026664081065167,0.0,642.255
R08_open,u2_exhaustive_b2048,crossing_009,crossing,True,,,10.1,-0.04393105085623894,9.773448340131857,0.36633663366336633,1061.5544554455446
R08_open,u2_exhaustive_b512,crossing_009,crossing,True,,,9.9,-0.05995502464083269,9.75581502483499,0.6262626262626263,426.37373737373736
R08_open,u2_first_b2000000,crossing_009,crossing,False,,,20.000000000000004,2.5041451173753226,1.6026664081065167,0.0,203.305
R08_open,u2_first_b2048,crossing_009,crossing,True,,,10.1,-0.04393105085623894,9.773448340131857,0.36633663366336633,929.1485148514852
R08_open,u2_first_b512,crossing_009,crossing,True,,,10.1,-0.0012521197222055136,9.825919608964204,0.48514851485148514,290.990099009901
R08_open,u4_first_b2000000,crossing_009,crossing,False,,,20.000000000000004,2.5041451173753226,1.6026664081065167,0.0,160.025
R08_open,u4_first_b2048,crossing_009,crossing,True,,,11.4,-0.009332809213413507,9.719626468003783,0.21929824561403508,714.9473684210526
R08_open,u4_first_b512,crossing_009,crossing,True,,,10.3,-0.04471359004764264,9.89729237327283,0.44660194174757284,275.0485436893204
R08_open,u2_exhaustive_b2000000,crossing_010,crossing,False,,,20.000000000000004,3.18262349424708,-0.3150220093302831,0.0,985.82
R08_open,u2_exhaustive_b2048,crossing_010,crossing,True,,,9.5,-0.005217371489527722,8.55756667786877,0.5052631578947369,1293.8631578947368
R08_open,u2_exhaustive_b512,crossing_010,crossing,True,,,9.1,-0.061199918225997574,8.368788412949177,0.6923076923076923,446.68131868131866
R08_open,u2_first_b2000000,crossing_010,crossing,False,,,20.000000000000004,3.18262349424708,-0.3150220093302831,0.0,549.57
R08_open,u2_first_b2048,crossing_010,crossing,True,,,9.5,-0.005217371489527722,8.55756667786877,0.5052631578947369,1203.842105263158
R08_open,u2_first_b512,crossing_010,crossing,True,,,9.2,-0.06465173762039023,8.441203688531504,0.6195652173913043,354.05434782608694
R08_open,u4_first_b2000000,crossing_010,crossing,False,,,20.000000000000004,3.18262349424708,-0.3150220093302831,0.0,350.92
R08_open,u4_first_b2048,crossing_010,crossing,True,,,10.4,-0.020192733053162493,8.639986680468029,0.36538461538461536,1059.1826923076924
R08_open,u4_first_b512,crossing_010,crossing,True,,,9.1,-0.0035767303720010135,8.355386740585834,0.5934065934065934,348.4945054945055
R08_open,u2_exhaustive_b2000000,crossing_011,crossing,False,,,20.000000000000004,2.1637925231977797,-1.0301677245244978,0.0,894.755
R08_open,u2_exhaustive_b2048,crossing_011,crossing,False,,,20.000000000000004,0.16893744468093053,18.118859927270563,0.175,821.82
R08_open,u2_exhaustive_b512,crossing_011,crossing,True,,,7.3,-0.014405077059403526,7.294343456035028,0.6712328767123288,427.32876712328766
R08_open,u2_first_b2000000,crossing_011,crossing,False,,,20.000000000000004,2.1637925231977797,-1.0301677245244978,0.0,468.13
R08_open,u2_first_b2048,crossing_011,crossing,False,,,20.000000000000004,0.16893744468093053,18.118859927270563,0.175,478.075
R08_open,u2_first_b512,crossing_011,crossing,True,,,7.3,-0.014405077059403526,7.294343456035028,0.6575342465753424,370.4657534246575
R08_open,u4_first_b2000000,crossing_011,crossing,False,,,20.000000000000004,2.1637925231977797,-1.0301677245244978,0.0,305.48
R08_open,u4_first_b2048,crossing_011,crossing,False,,,20.000000000000004,1.144230347940355,1.6057639655624891,0.115,398.59
R08_open,u4_first_b512,crossing_011,crossing,True,,,7.3,-0.019056123150735127,7.2963487489633625,0.6301369863013698,359.36986301369865
R08_open,u2_exhaustive_b2000000,crossing_012,crossing,False,,,20.000000000000004,1.500063099601709,2.372138967300682,0.0,841.39
R08_open,u2_exhaustive_b2048,crossing_012,crossing,True,,,10.9,-0.02819709010949556,10.034687059693827,0.3486238532110092,1053.6422018348624
R08_open,u2_exhaustive_b512,crossing_012,crossing,True,,,9.8,-0.03590324882457596,9.610560030115723,0.6122448979591837,430.55102040816325
R08_open,u2_first_b2000000,crossing_012,crossing,False,,,20.000000000000004,1.500063099601709,2.372138967300682,0.0,441.895
R08_open,u2_first_b2048,crossing_012,crossing,True,,,10.9,-0.02819709010949556,10.034687059693827,0.3486238532110092,907.1926605504588
R08_open,u2_first_b512,crossing_012,crossing,True,,,10.5,-0.02780735010263624,9.900669304243241,0.44761904761904764,273.87619047619046
R08_open,u4_first_b2000000,crossing_012,crossing,False,,,20.000000000000004,1.5099746133256455,2.309594436961577,0.0,271.86
R08_open,u4_first_b2048,crossing_012,crossing,True,,,11.3,-0.030409630847092917,10.055754126080624,0.25663716814159293,781.2566371681415
R08_open,u4_first_b512,crossing_012,crossing,True,,,10.5,-0.042065283879694326,9.936090215359595,0.41904761904761906,263.1714285714286
R08_open,u2_exhaustive_b2000000,crossing_013,crossing,False,,,20.000000000000004,1.610393926147435,0.7620814645660259,0.0,831.6
R08_open,u2_exhaustive_b2048,crossing_013,crossing,True,,,7.4,-0.008916253961405607,7.819599160488816,0.40540540540540543,1151.1756756756756
R08_open,u2_exhaustive_b512,crossing_013,crossing,True,,,7.0,-0.04214470296041184,7.602663800468314,0.5714285714285714,422.2
R08_open,u2_first_b2000000,crossing_013,crossing,False,,,20.000000000000004,1.610393926147435,0.7620814645660259,0.0,420.93
R08_open,u2_first_b2048,crossing_013,crossing,True,,,7.4,-0.008916253961405607,7.819599160488816,0.40540540540540543,1076.3783783783783
R08_open,u2_first_b512,crossing_013,crossing,True,,,7.0,-0.04214470296041184,7.602663800468314,0.5571428571428572,344.4
R08_open,u4_first_b2000000,crossing_013,crossing,False,,,20.000000000000004,1.8681846568300853,0.6295050940387625,0.0,308.035
R08_open,u4_first_b2048,crossing_013,crossing,True,,,8.8,-0.03204807076226701,8.228930368215684,0.3068181818181818,953.1022727272727
R08_open,u4_first_b512,crossing_013,crossing,True,,,7.0,-0.05714047594054106,7.606192289694174,0.5285714285714286,327.74285714285713
R08_open,u2_exhaustive_b2000000,crossing_014,crossing,False,,,20.000000000000004,1.9296984966123067,1.8850640790885942,0.0,1050.96
R08_open,u2_exhaustive_b2048,crossing_014,crossing,False,,,20.000000000000004,0.38155825255027276,16.610711481713054,0.175,777.655
R08_open,u2_exhaustive_b512,crossing_014,crossing,False,,,20.000000000000004,0.2030667267612013,15.835854748207455,0.485,412.22
R08_open,u2_first_b2000000,crossing_014,crossing,False,,,20.000000000000004,1.9296984966123067,1.8850640790885942,0.0,646.895
R08_open,u2_first_b2048,crossing_014,crossing,False,,,20.000000000000004,0.38155825255027276,16.610711481713054,0.175,487.67
R08_open,u2_first_b512,crossing_014,crossing,False,,,20.000000000000004,0.35250835850937046,17.931631878141296,0.215,169.245
R08_open,u4_first_b2000000,crossing_014,crossing,False,,,20.000000000000004,1.923741379834161,1.8863665501566151,0.0,409.92
R08_open,u4_first_b2048,crossing_014,crossing,False,,,20.000000000000004,0.1637352326248488,15.062660834962012,0.125,440.79
R08_open,u4_first_b512,crossing_014,crossing,False,,,20.000000000000004,0.3486614740788645,18.38488064940227,0.205,162.24
R08_open,u2_exhaustive_b2000000,crossing_015,crossing,False,,,20.000000000000004,1.9970919208819726,2.900393802729398,0.0,696.495
R08_open,u2_exhaustive_b2048,crossing_015,crossing,True,,,7.4,-0.04279849973884986,8.342677833944192,0.36486486486486486,1060.2297297297298
R08_open,u2_exhaustive_b512,crossing_015,crossing,True,,,6.9,-0.057697350365236155,8.071753915668754,0.5217391304347826,430.5507246376812
R08_open,u2_first_b2000000,crossing_015,crossing,False,,,20.000000000000004,1.9970919208819726,2.900393802729398,0.0,237.245
R08_open,u2_first_b2048,crossing_015,crossing,True,,,7.4,-0.04279849973884986,8.342677833944192,0.36486486486486486,941.6621621621622
R08_open,u2_first_b512,crossing_015,crossing,True,,,6.9,-0.057697350365236155,8.071753915668754,0.5072463768115942,304.6811594202899
R08_open,u4_first_b2000000,crossing_015,crossing,False,,,20.000000000000004,2.0099112841608244,2.898686160159513,0.0,163.86
R08_open,u4_first_b2048,crossing_015,crossing,True,,,8.8,-0.027651251956768763,8.42116987872374,0.2159090909090909,771.3977272727273
R08_open,u4_first_b512,crossing_015,crossing,True,,,6.9,-0.0825547958099605,8.078108882096824,0.4782608695652174,290.9130434782609
R08_open,u2_exhaustive_b2000000,crossing_016,crossing,False,,,20.000000000000004,8.60743655910386,1.7099294640287148,0.0,917.325
R08_open,u2_exhaustive_b2048,crossing_016,crossing,False,,,20.000000000000004,2.4155232799168074,4.322355905882527,0.19,820.61
R08_open,u2_exhaustive_b512,crossing_016,crossing,False,,,20.000000000000004,2.0241327159344658,4.764203200050536,0.74,489.28
R08_open,u2_first_b2000000,crossing_016,crossing,False,,,20.000000000000004,8.60743655910386,1.7099294640287148,0.0,433.28
R08_open,u2_first_b2048,crossing_016,crossing,False,,,20.000000000000004,2.4155232799168074,4.322355905882527,0.19,481.575
R08_open,u2_first_b512,crossing_016,crossing,False,,,20.000000000000004,2.4027564183498766,4.347513791980354,0.19,186.12
R08_open,u4_first_b2000000,crossing_016,crossing,False,,,20.000000000000004,8.60743655910386,1.7099294640287148,0.0,280.74
R08_open,u4_first_b2048,crossing_016,crossing,False,,,20.000000000000004,2.570318510135738,4.064186720171216,0.14,404.385
R08_open,u4_first_b512,crossing_016,crossing,False,,,20.000000000000004,2.4027564183498766,4.347513791980354,0.19,186.12
R08_open,u2_exhaustive_b2000000,crossing_017,crossing,False,,,20.000000000000004,2.817808242725589,3.067696566126947,0.0,907.795
R08_open,u2_exhaustive_b2048,crossing_017,crossing,False,,,20.000000000000004,0.2845658017802879,2.9431240675562105,0.415,1168.875
R08_open,u2_exhaustive_b512,crossing_017,crossing,False,,,20.000000000000004,0.48707930901798746,2.6627303645700255,0.725,444.915
R08_open,u2_first_b2000000,crossing_017,crossing,False,,,20.000000000000004,2.817808242725589,3.067696566126947,0.0,489.015
R08_open,u2_first_b2048,crossing_017,crossing,False,,,20.000000000000004,0.2845658017802879,2.9431240675562105,0.415,997.335
R08_open,u2_first_b512,crossing_017,crossing,False,,,20.000000000000004,0.6929566370488076,2.980047631529718,0.465,299.42
R08_open,u4_first_b2000000,crossing_017,crossing,False,,,20.000000000000004,2.817808242725589,3.067696566126947,0.0,318.81
R08_open,u4_first_b2048,crossing_017,crossing,False,,,20.000000000000004,1.4119429497300962,12.853679509932917,0.475,1090.535
R08_open,u4_first_b512,crossing_017,crossing,False,,,20.000000000000004,0.6586643467243891,3.6513401621586006,0.455,288.345
R08_open,u2_exhaustive_b2000000,crossing_018,crossing,False,,,20.000000000000004,1.7183453442238408,2.3537935595874977,0.0,892.005
R08_open,u2_exhaustive_b2048,crossing_018,crossing,True,,,6.4,-0.009512637305712723,7.309323273152514,0.53125,1365.125
R08_open,u2_exhaustive_b512,crossing_018,crossing,True,,,6.2,-0.13315126635048102,7.2093432901059735,0.7096774193548387,442.758064516129
R08_open,u2_first_b2000000,crossing_018,crossing,False,,,20.000000000000004,1.7183453442238408,2.3537935595874977,0.0,456.71
R08_open,u2_first_b2048,crossing_018,crossing,True,,,6.4,-0.009512637305712723,7.309323273152514,0.53125,1313.078125
R08_open,u2_first_b512,crossing_018,crossing,True,,,6.2,-0.13315126635048102,7.2093432901059735,0.6935483870967742,390.46774193548384
R08_open,u4_first_b2000000,crossing_018,crossing,False,,,20.000000000000004,1.7187043732360379,2.357230359111364,0.0,290.07
R08_open,u4_first_b2048,crossing_018,crossing,True,,,7.7,-0.021586080121618,7.509516461233469,0.33766233766233766,1055.8831168831168
R08_open,u4_first_b512,crossing_018,crossing,True,,,6.2,-0.1329460929380134,7.208233246186357,0.6612903225806451,378.0806451612903
R08_open,u2_exhaustive_b2000000,crossing_019,crossing,False,,,20.000000000000004,3.164382261372195,0.6770368959716695,0.0,992.74
R08_open,u2_exhaustive_b2048,crossing_019,crossing,False,,,20.000000000000004,0.6706945207925499,17.164336360306685,0.24,926.67
R08_open,u2_exhaustive_b512,crossing_019,crossing,False,,,20.000000000000004,0.5898116010787784,17.084771492998215,0.775,455.635
R08_open,u2_first_b2000000,crossing_019,crossing,False,,,20.000000000000004,3.164382261372195,0.6770368959716695,0.0,582.17
R08_open,u2_first_b2048,crossing_019,crossing,False,,,20.000000000000004,0.6706945207925499,17.164336360306685,0.24,646.665
R08_open,u2_first_b512,crossing_019,crossing,False,,,20.000000000000004,0.5898116010787784,18.591705223665258,0.285,208.685
R08_open,u4_first_b2000000,crossing_019,crossing,False,,,20.000000000000004,3.170089565246949,0.6645161810265483,0.0,378.835
R08_open,u4_first_b2048,crossing_019,crossing,False,,,20.000000000000004,0.4676190333468706,13.4990721190862,0.2,597.235
R08_open,u4_first_b512,crossing_019,crossing,False,,,20.000000000000004,0.5912554816371274,15.395254803931795,0.275,202.425
R08_open,u2_exhaustive_b2000000,late_high_throttle_000,late_high_throttle,False,,,20.000000000000004,1.1059342883686425,3.0759842573274874,0.0,694.58
R08_open,u2_exhaustive_b2048,late_high_throttle_000,late_high_throttle,True,,,3.7,-0.08141966393173916,6.050728552311597,0.2972972972972973,1024.027027027027
R08_open,u2_exhaustive_b512,late_high_throttle_000,late_high_throttle,True,,,3.7,-0.09696330441961554,6.06035871386898,0.5135135135135135,380.56756756756755
R08_open,u2_first_b2000000,late_high_throttle_000,late_high_throttle,False,,,20.000000000000004,1.1059342883686425,3.0759842573274874,0.0,289.745
R08_open,u2_first_b2048,late_high_throttle_000,late_high_throttle,True,,,3.7,-0.08141966393173916,6.050728552311597,0.2972972972972973,964.3243243243244
R08_open,u2_first_b512,late_high_throttle_000,late_high_throttle,True,,,3.7,-0.09696330441961554,6.06035871386898,0.5135135135135135,320.86486486486484
R08_open,u4_first_b2000000,late_high_throttle_000,late_high_throttle,False,,,20.000000000000004,1.1090967854268152,2.7745480196912258,0.0,194.505
R08_open,u4_first_b2048,late_high_throttle_000,late_high_throttle,False,,,20.000000000000004,0.9759716651834665,2.7488631162818367,0.015,235.915
R08_open,u4_first_b512,late_high_throttle_000,late_high_throttle,True,,,3.7,-0.0927761100175043,6.057688084314112,0.4594594594594595,300.4864864864865
R08_open,u2_exhaustive_b2000000,late_high_throttle_001,late_high_throttle,False,,,20.000000000000004,1.1456980034913244,1.974148434061676,0.0,762.195
R08_open,u2_exhaustive_b2048,late_high_throttle_001,late_high_throttle,True,,,3.1,-0.12684123509937129,4.780113740537111,0.3548387096774194,1170.0645161290322
R08_open,u2_exhaustive_b512,late_high_throttle_001,late_high_throttle,True,,,3.1,-0.13452318124459106,4.784145194592887,0.6451612903225806,380.38709677419354
R08_open,u2_first_b2000000,late_high_throttle_001,late_high_throttle,False,,,20.000000000000004,1.1456980034913244,1.974148434061676,0.0,361.905
R08_open,u2_first_b2048,late_high_throttle_001,late_high_throttle,True,,,3.1,-0.12684123509937129,4.780113740537111,0.3548387096774194,1162.9032258064517
R08_open,u2_first_b512,late_high_throttle_001,late_high_throttle,True,,,3.1,-0.13452318124459106,4.784145194592887,0.6451612903225806,373.2258064516129
R08_open,u4_first_b2000000,late_high_throttle_001,late_high_throttle,False,,,20.000000000000004,1.1456980034913244,1.9576134028691654,0.0,233.52
R08_open,u4_first_b2048,late_high_throttle_001,late_high_throttle,False,,,20.000000000000004,0.8697886902770184,7.81710357292749,0.06,370.385
R08_open,u4_first_b512,late_high_throttle_001,late_high_throttle,True,,,3.1,-0.13449211209541378,4.784213239200905,0.5806451612903226,354.3225806451613
R08_open,u2_exhaustive_b2000000,late_high_throttle_002,late_high_throttle,False,,,20.000000000000004,1.0830608778666304,2.743321423015283,0.0,663.025
R08_open,u2_exhaustive_b2048,late_high_throttle_002,late_high_throttle,True,,,3.2,-0.04398783127568129,4.819576314799361,0.34375,1140.59375
R08_open,u2_exhaustive_b512,late_high_throttle_002,late_high_throttle,True,,,3.2,-0.10521651215966016,4.862296839220282,0.625,374.46875
R08_open,u2_first_b2000000,late_high_throttle_002,late_high_throttle,False,,,20.000000000000004,1.0830608778666304,2.743321423015283,0.0,272.845
R08_open,u2_first_b2048,late_high_throttle_002,late_high_throttle,True,,,3.2,-0.04398783127568129,4.819576314799361,0.34375,1127.375
R08_open,u2_first_b512,late_high_throttle_002,late_high_throttle,True,,,3.2,-0.10521651215966016,4.862296839220282,0.625,361.25
R08_open,u4_first_b2000000,late_high_throttle_002,late_high_throttle,False,,,20.000000000000004,1.083470510435355,2.688574355653668,0.0,196.365
R08_open,u4_first_b2048,late_high_throttle_002,late_high_throttle,False,,,20.000000000000004,0.9403013640950253,5.364732551809297,0.03,269.495
R08_open,u4_first_b512,late_high_throttle_002,late_high_throttle,True,,,3.2,-0.10516549421457744,4.862274619493428,0.5,339.0625
R08_open,u2_exhaustive_b2000000,late_high_throttle_003,late_high_throttle,False,,,20.000000000000004,1.1046527526671537,2.775534710685621,0.0,753.755
R08_open,u2_exhaustive_b2048,late_high_throttle_003,late_high_throttle,True,,,3.4000000000000004,-0.024919416238942782,4.869735902394344,0.29411764705882354,1028.8823529411766
R08_open,u2_exhaustive_b512,late_high_throttle_003,late_high_throttle,True,,,3.4000000000000004,-0.08619073082520246,4.907102147567323,0.5588235294117647,365.3529411764706
R08_open,u2_first_b2000000,late_high_throttle_003,late_high_throttle,False,,,20.000000000000004,1.1046527526671537,2.775534710685621,0.0,331.3
R08_open,u2_first_b2048,late_high_throttle_003,late_high_throttle,True,,,3.4000000000000004,-0.024919416238942782,4.869735902394344,0.29411764705882354,994.3529411764706
R08_open,u2_first_b512,late_high_throttle_003,late_high_throttle,True,,,3.4000000000000004,-0.08619073082520246,4.907102147567323,0.5588235294117647,330.8235294117647
R08_open,u4_first_b2000000,late_high_throttle_003,late_high_throttle,False,,,20.000000000000004,1.1208029409398472,2.932646482118383,0.0,219.46
R08_open,u4_first_b2048,late_high_throttle_003,late_high_throttle,False,,,20.000000000000004,0.9185235240793564,5.371972832664438,0.025,272.34
R08_open,u4_first_b512,late_high_throttle_003,late_high_throttle,True,,,3.4000000000000004,-0.08554614350573553,4.906858435635391,0.47058823529411764,311.7647058823529
R08_open,u2_exhaustive_b2000000,late_high_throttle_004,late_high_throttle,False,,,20.000000000000004,0.8929466345598784,5.334025585597285,0.0,799.74
R08_open,u2_exhaustive_b2048,late_high_throttle_004,late_high_throttle,True,,,2.6,-0.002179488674582175,3.841546915126,0.3076923076923077,1179.3846153846155
R08_open,u2_exhaustive_b512,late_high_throttle_004,late_high_throttle,True,,,2.6,-0.002179488674582175,3.841546915126,0.6538461538461539,390.15384615384613
R08_open,u2_first_b2000000,late_high_throttle_004,late_high_throttle,False,,,20.000000000000004,0.8929466345598784,5.334025585597285,0.0,436.975
R08_open,u2_first_b2048,late_high_throttle_004,late_high_throttle,True,,,2.6,-0.002179488674582175,3.841546915126,0.3076923076923077,1179.3846153846155
R08_open,u2_first_b512,late_high_throttle_004,late_high_throttle,True,,,2.6,-0.002179488674582175,3.841546915126,0.6538461538461539,390.15384615384613
R08_open,u4_first_b2000000,late_high_throttle_004,late_high_throttle,False,,,20.000000000000004,0.891999635409608,5.2857147279189896,0.0,264.165
R08_open,u4_first_b2048,late_high_throttle_004,late_high_throttle,False,,,20.000000000000004,0.7817809393540791,6.734109203409044,0.04,418.68
R08_open,u4_first_b512,late_high_throttle_004,late_high_throttle,True,,,2.6,-0.002992408587358164,3.841933942091095,0.5769230769230769,361.15384615384613
R08_open,u2_exhaustive_b2000000,late_high_throttle_005,late_high_throttle,False,,,20.000000000000004,1.138167825817341,5.2393481911544955,0.0,762.535
R08_open,u2_exhaustive_b2048,late_high_throttle_005,late_high_throttle,True,,,4.2,-0.08390903879044675,6.075924801431372,0.35714285714285715,1142.5714285714287
R08_open,u2_exhaustive_b512,late_high_throttle_005,late_high_throttle,True,,,4.2,-0.09627807982392267,6.1190949610247145,0.5714285714285714,404.2857142857143
R08_open,u2_first_b2000000,late_high_throttle_005,late_high_throttle,False,,,20.000000000000004,1.138167825817341,5.2393481911544955,0.0,393.005
R08_open,u2_first_b2048,late_high_throttle_005,late_high_throttle,True,,,4.2,-0.08390903879044675,6.075924801431372,0.35714285714285715,1080.6190476190477
R08_open,u2_first_b512,late_high_throttle_005,late_high_throttle,True,,,4.2,-0.09627807982392267,6.1190949610247145,0.5714285714285714,342.3333333333333
R08_open,u4_first_b2000000,late_high_throttle_005,late_high_throttle,False,,,20.000000000000004,1.1572219356285176,5.018327156419886,0.0,233.535
R08_open,u4_first_b2048,late_high_throttle_005,late_high_throttle,False,,,20.000000000000004,0.9254508454246313,6.2938846176371,0.085,424.535
R08_open,u4_first_b512,late_high_throttle_005,late_high_throttle,True,,,4.2,-0.10306565364693554,6.1185085918787605,0.5238095238095238,324.04761904761904
R08_open,u2_exhaustive_b2000000,late_high_throttle_006,late_high_throttle,False,,,20.000000000000004,1.1087008276834438,3.1288046440120305,0.0,802.815
R08_open,u2_exhaustive_b2048,late_high_throttle_006,late_high_throttle,True,,,3.9000000000000004,-0.1360003609407252,5.778793007171713,0.3333333333333333,1108.948717948718
R08_open,u2_exhaustive_b512,late_high_throttle_006,late_high_throttle,True,,,3.9000000000000004,-0.14144076737578137,5.778200627308248,0.5641025641025641,392.64102564102564
R08_open,u2_first_b2000000,late_high_throttle_006,late_high_throttle,False,,,20.000000000000004,1.1087008276834438,3.1288046440120305,0.0,432.685
R08_open,u2_first_b2048,late_high_throttle_006,late_high_throttle,True,,,3.9000000000000004,-0.1360003609407252,5.778793007171713,0.3333333333333333,1058.7435897435898
R08_open,u2_first_b512,late_high_throttle_006,late_high_throttle,True,,,3.9000000000000004,-0.14144076737578137,5.778200627308248,0.5641025641025641,342.43589743589746
R08_open,u4_first_b2000000,late_high_throttle_006,late_high_throttle,False,,,20.000000000000004,1.1352707601769358,2.697549044975583,0.0,253.62
R08_open,u4_first_b2048,late_high_throttle_006,late_high_throttle,False,,,20.000000000000004,0.9029636353233933,6.86002002316064,0.045,301.595
R08_open,u4_first_b512,late_high_throttle_006,late_high_throttle,True,,,3.9000000000000004,-0.1374186180136837,5.775859590271994,0.5128205128205128,328.28205128205127
R08_open,u2_exhaustive_b2000000,late_high_throttle_007,late_high_throttle,False,,,20.000000000000004,1.2189178549174837,2.260463948561349,0.0,770.085
R08_open,u2_exhaustive_b2048,late_high_throttle_007,late_high_throttle,True,,,3.6,-0.10997115902350729,5.707337631963746,0.3888888888888889,1217.111111111111
R08_open,u2_exhaustive_b512,late_high_throttle_007,late_high_throttle,True,,,3.6,-0.11038586885934443,5.70755311569377,0.6388888888888888,409.1111111111111
R08_open,u2_first_b2000000,late_high_throttle_007,late_high_throttle,False,,,20.000000000000004,1.2189178549174837,2.260463948561349,0.0,365.275
R08_open,u2_first_b2048,late_high_throttle_007,late_high_throttle,True,,,3.6,-0.10997115902350729,5.707337631963746,0.3888888888888889,1183.2777777777778
R08_open,u2_first_b512,late_high_throttle_007,late_high_throttle,True,,,3.6,-0.11038586885934443,5.70755311569377,0.6388888888888888,375.27777777777777
R08_open,u4_first_b2000000,late_high_throttle_007,late_high_throttle,False,,,20.000000000000004,1.2292438864081663,2.026222465581961,0.0,254.6
R08_open,u4_first_b2048,late_high_throttle_007,late_high_throttle,False,,,20.000000000000004,0.9198586234199061,3.4669223156600233,0.085,431.285
R08_open,u4_first_b512,late_high_throttle_007,late_high_throttle,True,,,3.6,-0.1101072707086379,5.7074222150904745,0.5833333333333334,354.3333333333333
R08_open,u2_exhaustive_b2000000,late_high_throttle_008,late_high_throttle,False,,,20.000000000000004,1.0898433836796233,3.935435070310518,0.0,776.19
R08_open,u2_exhaustive_b2048,late_high_throttle_008,late_high_throttle,False,,,20.000000000000004,0.6952518637883773,7.0971739404374015,0.055,688.355
R08_open,u2_exhaustive_b512,late_high_throttle_008,late_high_throttle,True,,,3.8000000000000003,-0.024922073769126585,5.971068166577056,0.5263157894736842,398.2631578947368
R08_open,u2_first_b2000000,late_high_throttle_008,late_high_throttle,False,,,20.000000000000004,1.0898433836796233,3.935435070310518,0.0,408.595
R08_open,u2_first_b2048,late_high_throttle_008,late_high_throttle,False,,,20.000000000000004,0.6952518637883773,7.0971739404374015,0.055,274.09
R08_open,u2_first_b512,late_high_throttle_008,late_high_throttle,True,,,3.8000000000000003,-0.024922073769126585,5.971068166577056,0.5263157894736842,325.2105263157895
R08_open,u4_first_b2000000,late_high_throttle_008,late_high_throttle,False,,,20.000000000000004,1.126548994599476,4.109191884996001,0.0,267.505
R08_open,u4_first_b2048,late_high_throttle_008,late_high_throttle,False,,,20.000000000000004,1.0238495835994237,4.7482172680248835,0.055,326.215
R08_open,u4_first_b512,late_high_throttle_008,late_high_throttle,True,,,3.8000000000000003,-0.025032870141195707,5.970709105109929,0.47368421052631576,305.36842105263156
R08_open,u2_exhaustive_b2000000,late_high_throttle_009,late_high_throttle,False,,,20.000000000000004,1.1507886947859247,3.0266161564164316,0.0,707.665
R08_open,u2_exhaustive_b2048,late_high_throttle_009,late_high_throttle,True,,,3.8000000000000003,-0.13450954411167193,6.121922214723291,0.34210526315789475,1135.8157894736842
R08_open,u2_exhaustive_b512,late_high_throttle_009,late_high_throttle,True,,,3.7,-0.015935940944422744,5.993761743804344,0.5945945945945946,406.94594594594594
R08_open,u2_first_b2000000,late_high_throttle_009,late_high_throttle,False,,,20.000000000000004,1.1507886947859247,3.0266161564164316,0.0,306.63
R08_open,u2_first_b2048,late_high_throttle_009,late_high_throttle,True,,,3.8000000000000003,-0.13450954411167193,6.121922214723291,0.34210526315789475,1075.3157894736842
R08_open,u2_first_b512,late_high_throttle_009,late_high_throttle,True,,,3.7,-0.015935940944422744,5.993761743804344,0.5945945945945946,344.81081081081084
R08_open,u4_first_b2000000,late_high_throttle_009,late_high_throttle,False,,,20.000000000000004,1.1544157949400637,2.9503795149824494,0.0,206.515
R08_open,u4_first_b2048,late_high_throttle_009,late_high_throttle,False,,,20.000000000000004,0.9489417588989267,3.323416544445209,0.065,361.86
R08_open,u4_first_b512,late_high_throttle_009,late_high_throttle,True,,,3.7,-0.012209803470450531,5.992493718473426,0.5405405405405406,329.35135135135135
R08_open,u2_exhaustive_b2000000,late_high_throttle_010,late_high_throttle,False,,,20.000000000000004,1.1810647757993182,5.651209067370848,0.0,699.665
R08_open,u2_exhaustive_b2048,late_high_throttle_010,late_high_throttle,True,,,4.6,-0.05117902560073884,6.542853820185534,0.32608695652173914,1081.1304347826087
R08_open,u2_exhaustive_b512,late_high_throttle_010,late_high_throttle,True,,,4.6,-0.08641232474212057,6.5580010318173025,0.5217391304347826,407.04347826086956
R08_open,u2_first_b2000000,late_high_throttle_010,late_high_throttle,False,,,20.000000000000004,1.1810647757993182,5.651209067370848,0.0,315.96
R08_open,u2_first_b2048,late_high_throttle_010,late_high_throttle,True,,,4.6,-0.05117902560073884,6.542853820185534,0.32608695652173914,983.9565217391304
R08_open,u2_first_b512,late_high_throttle_010,late_high_throttle,True,,,4.6,-0.08641232474212057,6.5580010318173025,0.5217391304347826,309.8695652173913
R08_open,u4_first_b2000000,late_high_throttle_010,late_high_throttle,False,,,20.000000000000004,1.1817354841960035,5.635882991845232,0.0,209.895
R08_open,u4_first_b2048,late_high_throttle_010,late_high_throttle,False,,,20.000000000000004,0.9829657062304304,5.859654606255928,0.105,433.98
R08_open,u4_first_b512,late_high_throttle_010,late_high_throttle,True,,,4.6,-0.08788291040972585,6.559905012288485,0.4782608695652174,297.1304347826087
R08_open,u2_exhaustive_b2000000,late_high_throttle_011,late_high_throttle,False,,,20.000000000000004,1.128978165801073,-0.3175567595588582,0.0,807.8
R08_open,u2_exhaustive_b2048,late_high_throttle_011,late_high_throttle,True,,,3.0000000000000004,-0.14547233931382664,4.553758508492331,0.36666666666666664,1196.8
R08_open,u2_exhaustive_b512,late_high_throttle_011,late_high_throttle,True,,,3.0000000000000004,-0.15355951248194244,4.555940379188813,0.6666666666666666,383.0
R08_open,u2_first_b2000000,late_high_throttle_011,late_high_throttle,False,,,20.000000000000004,1.128978165801073,-0.3175567595588582,0.0,414.82
R08_open,u2_first_b2048,late_high_throttle_011,late_high_throttle,True,,,3.0000000000000004,-0.14547233931382664,4.553758508492331,0.36666666666666664,1196.0666666666666
R08_open,u2_first_b512,late_high_throttle_011,late_high_throttle,True,,,3.0000000000000004,-0.15355951248194244,4.555940379188813,0.6666666666666666,382.26666666666665
R08_open,u4_first_b2000000,late_high_throttle_011,late_high_throttle,False,,,20.000000000000004,1.128978165801073,-0.3175567595588582,0.0,261.195
R08_open,u4_first_b2048,late_high_throttle_011,late_high_throttle,False,,,20.000000000000004,0.9279004478392231,3.1653110330956835,0.045,314.445
R08_open,u4_first_b512,late_high_throttle_011,late_high_throttle,True,,,3.0000000000000004,-0.1527770684501904,4.5557679456377365,0.6,362.73333333333335
R08_open,u2_exhaustive_b2000000,late_high_throttle_012,late_high_throttle,False,,,20.000000000000004,1.1710598437611717,4.310480714047349,0.0,721.94
R08_open,u2_exhaustive_b2048,late_high_throttle_012,late_high_throttle,True,,,3.9000000000000004,-0.13154412127111714,5.480397568846842,0.38461538461538464,1212.820512820513
R08_open,u2_exhaustive_b512,late_high_throttle_012,late_high_throttle,True,,,3.8000000000000003,-0.0556848740507902,5.391837098242867,0.631578947368421,397.57894736842104
R08_open,u2_first_b2000000,late_high_throttle_012,late_high_throttle,False,,,20.000000000000004,1.1710598437611717,4.310480714047349,0.0,351.795
R08_open,u2_first_b2048,late_high_throttle_012,late_high_throttle,True,,,3.9000000000000004,-0.13154412127111714,5.480397568846842,0.38461538461538464,1189.179487179487
R08_open,u2_first_b512,late_high_throttle_012,late_high_throttle,True,,,3.8000000000000003,-0.0556848740507902,5.391837098242867,0.631578947368421,373.3157894736842
R08_open,u4_first_b2000000,late_high_throttle_012,late_high_throttle,False,,,20.000000000000004,1.1760327926933605,4.326491026486082,0.0,213.14
R08_open,u4_first_b2048,late_high_throttle_012,late_high_throttle,False,,,20.000000000000004,1.0113638377180414,5.024262742615247,0.12,421.28
R08_open,u4_first_b512,late_high_throttle_012,late_high_throttle,True,,,3.8000000000000003,-0.05774683683571047,5.391025344126715,0.5789473684210527,354.2631578947368
R08_open,u2_exhaustive_b2000000,late_high_throttle_013,late_high_throttle,False,,,20.000000000000004,1.0910602161780256,5.437701083175831,0.0,826.09
R08_open,u2_exhaustive_b2048,late_high_throttle_013,late_high_throttle,True,,,4.5,-0.10211937627937673,6.769785429739075,0.26666666666666666,993.2888888888889
R08_open,u2_exhaustive_b512,late_high_throttle_013,late_high_throttle,True,,,4.5,-0.10447289431658568,6.7644067845996805,0.4666666666666667,402.31111111111113
R08_open,u2_first_b2000000,late_high_throttle_013,late_high_throttle,False,,,20.000000000000004,1.0910602161780256,5.437701083175831,0.0,451.595
R08_open,u2_first_b2048,late_high_throttle_013,late_high_throttle,True,,,4.5,-0.10211937627937673,6.769785429739075,0.26666666666666666,881.5333333333333
R08_open,u2_first_b512,late_high_throttle_013,late_high_throttle,True,,,4.5,-0.10447289431658568,6.7644067845996805,0.4666666666666667,290.55555555555554
R08_open,u4_first_b2000000,late_high_throttle_013,late_high_throttle,False,,,20.000000000000004,1.0927241473489686,5.5835982636493515,0.0,267.49
R08_open,u4_first_b2048,late_high_throttle_013,late_high_throttle,False,,,20.000000000000004,0.654806300183669,8.994229524951786,0.06,470.455
R08_open,u4_first_b512,late_high_throttle_013,late_high_throttle,True,,,4.5,-0.10396882640965266,6.765963444607603,0.4222222222222222,274.24444444444447
R08_open,u2_exhaustive_b2000000,late_high_throttle_014,late_high_throttle,False,,,20.000000000000004,1.0790710807863606,4.573653732720775,0.0,734.51
R08_open,u2_exhaustive_b2048,late_high_throttle_014,late_high_throttle,False,,,20.000000000000004,0.33708556653658117,7.36612064248933,0.055,632.7
R08_open,u2_exhaustive_b512,late_high_throttle_014,late_high_throttle,True,,,4.2,-0.09950315693278289,6.432109688915639,0.5238095238095238,406.3333333333333
R08_open,u2_first_b2000000,late_high_throttle_014,late_high_throttle,False,,,20.000000000000004,1.0790710807863606,4.573653732720775,0.0,336.87
R08_open,u2_first_b2048,late_high_throttle_014,late_high_throttle,False,,,20.000000000000004,0.33708556653658117,7.36612064248933,0.055,247.075
R08_open,u2_first_b512,late_high_throttle_014,late_high_throttle,True,,,4.2,-0.09950315693278289,6.432109688915639,0.5238095238095238,319.0238095238095
R08_open,u4_first_b2000000,late_high_throttle_014,late_high_throttle,False,,,20.000000000000004,1.1185125823268653,4.143142145357956,0.0,185.865
R08_open,u4_first_b2048,late_high_throttle_014,late_high_throttle,False,,,20.000000000000004,0.9947037300799625,4.994824107299406,0.02,257.29
R08_open,u4_first_b512,late_high_throttle_014,late_high_throttle,True,,,4.2,-0.09750075744371789,6.429801629088244,0.47619047619047616,301.07142857142856
R08_open,u2_exhaustive_b2000000,late_high_throttle_015,late_high_throttle,False,,,20.000000000000004,1.0750601111042795,4.546060711629044,0.0,705.2
R08_open,u2_exhaustive_b2048,late_high_throttle_015,late_high_throttle,True,,,4.2,-0.06259050742291838,6.232866723597081,0.2619047619047619,992.047619047619
R08_open,u2_exhaustive_b512,late_high_throttle_015,late_high_throttle,True,,,4.2,-0.06901799940574105,6.2298669723810445,0.47619047619047616,400.04761904761904
R08_open,u2_first_b2000000,late_high_throttle_015,late_high_throttle,False,,,20.000000000000004,1.0750601111042795,4.546060711629044,0.0,306.095
R08_open,u2_first_b2048,late_high_throttle_015,late_high_throttle,True,,,4.2,-0.06259050742291838,6.232866723597081,0.2619047619047619,890.7142857142857
R08_open,u2_first_b512,late_high_throttle_015,late_high_throttle,True,,,4.2,-0.06901799940574105,6.2298669723810445,0.47619047619047616,298.7142857142857
R08_open,u4_first_b2000000,late_high_throttle_015,late_high_throttle,False,,,20.000000000000004,1.0750601111042795,4.541048123270016,0.0,200.345
R08_open,u4_first_b2048,late_high_throttle_015,late_high_throttle,False,,,20.000000000000004,0.9574582638853635,5.18089598483777,0.065,388.47
R08_open,u4_first_b512,late_high_throttle_015,late_high_throttle,True,,,4.2,-0.06574932299414382,6.230274028629072,0.42857142857142855,280.76190476190476
R08_open,u2_exhaustive_b2000000,late_high_throttle_016,late_high_throttle,False,,,20.000000000000004,1.0819032374804851,2.5046310990405902,0.0,822.04
R08_open,u2_exhaustive_b2048,late_high_throttle_016,late_high_throttle,False,,,20.000000000000004,0.44014480811317014,6.428556392628272,0.055,632.89
R08_open,u2_exhaustive_b512,late_high_throttle_016,late_high_throttle,True,,,3.3000000000000003,-0.1399938466969075,5.149230132438825,0.6363636363636364,383.4848484848485
R08_open,u2_first_b2000000,late_high_throttle_016,late_high_throttle,False,,,20.000000000000004,1.0819032374804851,2.5046310990405902,0.0,442.935
R08_open,u2_first_b2048,late_high_throttle_016,late_high_throttle,False,,,20.000000000000004,0.44014480811317014,6.428556392628272,0.055,256.15
R08_open,u2_first_b512,late_high_throttle_016,late_high_throttle,True,,,3.3000000000000003,-0.1399938466969075,5.149230132438825,0.6363636363636364,363.3636363636364
R08_open,u4_first_b2000000,late_high_throttle_016,late_high_throttle,False,,,20.000000000000004,1.0872232862014783,2.711993960663773,0.0,272.615
R08_open,u4_first_b2048,late_high_throttle_016,late_high_throttle,False,,,20.000000000000004,0.9625711844600987,3.7462174127243673,0.07,396.815
R08_open,u4_first_b512,late_high_throttle_016,late_high_throttle,True,,,3.3000000000000003,-0.13923677464158368,5.149161287501915,0.5454545454545454,343.72727272727275
R08_open,u2_exhaustive_b2000000,late_high_throttle_017,late_high_throttle,False,,,20.000000000000004,1.0359167489106622,5.259320516511992,0.0,711.375
R08_open,u2_exhaustive_b2048,late_high_throttle_017,late_high_throttle,True,,,4.1,-0.00025104806118791956,5.918153376005433,0.24390243902439024,997.5853658536586
R08_open,u2_exhaustive_b512,late_high_throttle_017,late_high_throttle,True,,,4.1,-0.05892536892621547,5.952304719003383,0.5121951219512195,392.4390243902439
R08_open,u2_first_b2000000,late_high_throttle_017,late_high_throttle,False,,,20.000000000000004,1.0359167489106622,5.259320516511992,0.0,320.9
R08_open,u2_first_b2048,late_high_throttle_017,late_high_throttle,True,,,4.1,-0.00025104806118791956,5.918153376005433,0.24390243902439024,916.170731707317
R08_open,u2_first_b512,late_high_throttle_017,late_high_throttle,True,,,4.1,-0.05892536892621547,5.952304719003383,0.5121951219512195,313.9756097560976
R08_open,u4_first_b2000000,late_high_throttle_017,late_high_throttle,False,,,20.000000000000004,1.006039908403996,5.317300047147839,0.0,206.82
R08_open,u4_first_b2048,late_high_throttle_017,late_high_throttle,False,,,20.000000000000004,0.7680328436125577,8.668511948147442,0.055,477.225
R08_open,u4_first_b512,late_high_throttle_017,late_high_throttle,True,,,4.1,-0.05320503906636476,5.950462738637656,0.43902439024390244,294.0731707317073
R08_open,u2_exhaustive_b2000000,late_high_throttle_018,late_high_throttle,False,,,20.000000000000004,1.19671803151082,3.5170982021824906,0.0,742.655
R08_open,u2_exhaustive_b2048,late_high_throttle_018,late_high_throttle,True,,,3.3000000000000003,-0.07514423022963113,4.893250454475281,0.3939393939393939,1231.2121212121212
R08_open,u2_exhaustive_b512,late_high_throttle_018,late_high_throttle,True,,,3.3000000000000003,-0.07702666908812839,4.894662197020409,0.696969696969697,398.2121212121212
R08_open,u2_first_b2000000,late_high_throttle_018,late_high_throttle,False,,,20.000000000000004,1.19671803151082,3.5170982021824906,0.0,351.685
R08_open,u2_first_b2048,late_high_throttle_018,late_high_throttle,True,,,3.3000000000000003,-0.07514423022963113,4.893250454475281,0.3939393939393939,1221.060606060606
R08_open,u2_first_b512,late_high_throttle_018,late_high_throttle,True,,,3.3000000000000003,-0.07702666908812839,4.894662197020409,0.696969696969697,391.90909090909093
R08_open,u4_first_b2000000,late_high_throttle_018,late_high_throttle,False,,,20.000000000000004,1.1588442749880605,3.122768938741133,0.0,244.44
R08_open,u4_first_b2048,late_high_throttle_018,late_high_throttle,False,,,20.000000000000004,0.8895209835510978,13.17983220032917,0.035,288.57
R08_open,u4_first_b512,late_high_throttle_018,late_high_throttle,True,,,3.3000000000000003,-0.07708201972930973,4.8947408941000905,0.6363636363636364,374.1515151515151
R08_open,u2_exhaustive_b2000000,late_high_throttle_019,late_high_throttle,False,,,20.000000000000004,1.2250640766703338,5.38840111138134,0.0,700.665
R08_open,u2_exhaustive_b2048,late_high_throttle_019,late_high_throttle,True,,,4.5,-0.01913766768508096,6.729981084356994,0.26666666666666666,1005.4888888888889
R08_open,u2_exhaustive_b512,late_high_throttle_019,late_high_throttle,True,,,4.5,-0.03558267625087819,6.741380369607164,0.4888888888888889,406.2888888888889
R08_open,u2_first_b2000000,late_high_throttle_019,late_high_throttle,False,,,20.000000000000004,1.2250640766703338,5.38840111138134,0.0,290.61
R08_open,u2_first_b2048,late_high_throttle_019,late_high_throttle,True,,,4.5,-0.01913766768508096,6.729981084356994,0.26666666666666666,899.0222222222222
R08_open,u2_first_b512,late_high_throttle_019,late_high_throttle,True,,,4.5,-0.03558267625087819,6.741380369607164,0.4888888888888889,302.55555555555554
R08_open,u4_first_b2000000,late_high_throttle_019,late_high_throttle,False,,,20.000000000000004,1.1926584225609598,5.422891775721025,0.0,221.9
R08_open,u4_first_b2048,late_high_throttle_019,late_high_throttle,False,,,20.000000000000004,0.8982394204809135,6.801057803970059,0.035,308.59
R08_open,u4_first_b512,late_high_throttle_019,late_high_throttle,True,,,4.5,-0.037071502429068426,6.743669183794859,0.4444444444444444,285.8
R08_open,u2_exhaustive_b2000000,static_000,static,False,,,20.000000000000004,1.2114654282141335,2.1947677864664943,0.0,733.935
R08_open,u2_exhaustive_b2048,static_000,static,False,,,20.000000000000004,0.5976070700524059,16.228717169507185,0.09,694.075
R08_open,u2_exhaustive_b512,static_000,static,False,,,20.000000000000004,0.2915366485699942,19.550706485741784,0.665,423.4
R08_open,u2_first_b2000000,static_000,static,False,,,20.000000000000004,1.2114654282141335,2.1947677864664943,0.0,285.785
R08_open,u2_first_b2048,static_000,static,False,,,20.000000000000004,0.5976070700524059,16.228717169507185,0.09,349.565
R08_open,u2_first_b512,static_000,static,False,,,20.000000000000004,0.47653140253384896,15.689655409932183,0.14,162.815
R08_open,u4_first_b2000000,static_000,static,False,,,20.000000000000004,1.244534596258707,2.114305322390212,0.0,198.795
R08_open,u4_first_b2048,static_000,static,False,,,20.000000000000004,0.903032699427009,7.606919531900004,0.06,335.35
R08_open,u4_first_b512,static_000,static,False,,,20.000000000000004,0.41500519511322875,19.942391645604573,0.12,119.805
R08_open,u2_exhaustive_b2000000,static_001,static,False,,,20.000000000000004,1.5612144229237104,2.7267353386719506,0.0,632.405
R08_open,u2_exhaustive_b2048,static_001,static,False,,,20.000000000000004,0.5977387778413388,16.257930875581785,0.115,736.935
R08_open,u2_exhaustive_b512,static_001,static,False,,,20.000000000000004,0.44863324523684067,14.747515447270864,0.7,435.885
R08_open,u2_first_b2000000,static_001,static,False,,,20.000000000000004,1.5612144229237104,2.7267353386719506,0.0,166.035
R08_open,u2_first_b2048,static_001,static,False,,,20.000000000000004,0.5977387778413388,16.257930875581785,0.115,382.74
R08_open,u2_first_b512,static_001,static,False,,,20.000000000000004,0.6496200441228863,9.789297612401795,0.16,143.25
R08_open,u4_first_b2000000,static_001,static,False,,,20.000000000000004,1.5612144229237104,2.7267353386719506,0.0,122.66
R08_open,u4_first_b2048,static_001,static,False,,,20.000000000000004,0.9318138086391194,3.0065131208717135,0.09,320.745
R08_open,u4_first_b512,static_001,static,False,,,20.000000000000004,0.5630418859831636,16.564546715552858,0.145,148.925
R08_open,u2_exhaustive_b2000000,static_002,static,False,,,20.000000000000004,1.8982940944628262,4.68910640864546,0.0,667.98
R08_open,u2_exhaustive_b2048,static_002,static,False,,,20.000000000000004,1.204882763030046,6.819138151861423,0.055,619.22
R08_open,u2_exhaustive_b512,static_002,static,False,,,20.000000000000004,0.43286856352667247,18.374238207569153,0.69,420.14
R08_open,u2_first_b2000000,static_002,static,False,,,20.000000000000004,1.8982940944628262,4.68910640864546,0.0,184.595
R08_open,u2_first_b2048,static_002,static,False,,,20.000000000000004,1.204882763030046,6.819138151861423,0.055,178.3
R08_open,u2_first_b512,static_002,static,False,,,20.000000000000004,1.204882763030046,6.819138151861423,0.055,93.82
R08_open,u4_first_b2000000,static_002,static,False,,,20.000000000000004,1.8413939968082003,4.908452189367283,0.0,122.72
R08_open,u4_first_b2048,static_002,static,False,,,20.000000000000004,1.3700660914611673,6.187673995672134,0.02,124.845
R08_open,u4_first_b512,static_002,static,False,,,20.000000000000004,1.204882763030046,6.819138151861423,0.055,93.82
R08_open,u2_exhaustive_b2000000,static_003,static,False,,,20.000000000000004,1.1318639487640718,1.2309247097719567,0.0,798.505
R08_open,u2_exhaustive_b2048,static_003,static,False,,,20.000000000000004,0.38692688183557844,12.911944741168353,0.105,625.195
R08_open,u2_exhaustive_b512,static_003,static,True,,,6.9,-0.040097487351260175,7.438047633186346,0.42028985507246375,414.28985507246375
R08_open,u2_first_b2000000,static_003,static,False,,,20.000000000000004,1.1318639487640718,1.2309247097719567,0.0,356.655
R08_open,u2_first_b2048,static_003,static,False,,,20.000000000000004,0.45635348897548833,3.049352849867171,0.1,340.0
R08_open,u2_first_b512,static_003,static,True,,,6.9,-0.040097487351260175,7.438047633186346,0.42028985507246375,264.7391304347826
R08_open,u4_first_b2000000,static_003,static,False,,,20.000000000000004,1.1371162956252712,1.2003863907246268,0.0,229.04
R08_open,u4_first_b2048,static_003,static,False,,,20.000000000000004,0.8836964544959558,1.37737535189836,0.065,309.83
R08_open,u4_first_b512,static_003,static,True,,,6.9,-0.056674083554568044,7.442210435736325,0.391304347826087,253.20289855072463
R08_open,u2_exhaustive_b2000000,static_004,static,False,,,20.000000000000004,1.4775554276213705,3.5129928917347453,0.0,618.085
R08_open,u2_exhaustive_b2048,static_004,static,False,,,20.000000000000004,0.8977532691842361,6.151880447339892,0.125,771.235
R08_open,u2_exhaustive_b512,static_004,static,False,,,20.000000000000004,0.5843646482610444,13.31143087254318,0.715,443.025
R08_open,u2_first_b2000000,static_004,static,False,,,20.000000000000004,1.4775554276213705,3.5129928917347453,0.0,150.165
R08_open,u2_first_b2048,static_004,static,False,,,20.000000000000004,0.8977532691842361,6.151880447339892,0.125,385.29
R08_open,u2_first_b512,static_004,static,False,,,20.000000000000004,0.697842860353587,8.53582451631801,0.17,144.115
R08_open,u4_first_b2000000,static_004,static,False,,,20.000000000000004,1.4775554276213705,3.5129928917347453,0.0,111.955
R08_open,u4_first_b2048,static_004,static,False,,,20.000000000000004,0.9949481299681041,3.603943077541775,0.055,230.94
R08_open,u4_first_b512,static_004,static,False,,,20.000000000000004,0.7384191230462728,16.72470060337423,0.16,158.155
R08_open,u2_exhaustive_b2000000,static_005,static,False,,,20.000000000000004,1.2211706616247497,2.8110251880627617,0.0,676.355
R08_open,u2_exhaustive_b2048,static_005,static,False,,,20.000000000000004,0.8367675578511462,16.362940074914686,0.115,724.45
R08_open,u2_exhaustive_b512,static_005,static,False,,,20.000000000000004,0.6023465381581206,18.768848205957546,0.665,438.23
R08_open,u2_first_b2000000,static_005,static,False,,,20.000000000000004,1.2211706616247497,2.8110251880627617,0.0,224.655
R08_open,u2_first_b2048,static_005,static,False,,,20.000000000000004,0.8367675578511462,16.362940074914686,0.115,420.975
R08_open,u2_first_b512,static_005,static,False,,,20.000000000000004,0.6752280310611716,17.44927757907283,0.17,154.655
R08_open,u4_first_b2000000,static_005,static,False,,,20.000000000000004,1.2211706616247497,2.8110251880627617,0.0,152.875
R08_open,u4_first_b2048,static_005,static,False,,,20.000000000000004,0.9302663479075273,3.258816249304254,0.06,254.695
R08_open,u4_first_b512,static_005,static,False,,,20.000000000000004,0.7145257293529721,9.356565187704538,0.15,149.305
R08_open,u2_exhaustive_b2000000,static_006,static,False,,,20.000000000000004,1.7504020154837119,3.7250401831789794,0.0,648.88
R08_open,u2_exhaustive_b2048,static_006,static,False,,,20.000000000000004,1.2445989278529284,5.424447830520748,0.045,597.79
R08_open,u2_exhaustive_b512,static_006,static,False,,,20.000000000000004,1.0658778481486826,5.935404715506798,0.69,477.83
R08_open,u2_first_b2000000,static_006,static,False,,,20.000000000000004,1.7504020154837119,3.7250401831789794,0.0,179.87
R08_open,u2_first_b2048,static_006,static,False,,,20.000000000000004,1.2445989278529284,5.424447830520748,0.045,162.305
R08_open,u2_first_b512,static_006,static,False,,,20.000000000000004,1.2445989278529284,5.424447830520748,0.045,93.185
R08_open,u4_first_b2000000,static_006,static,False,,,20.000000000000004,1.7504020154837119,3.7250401831789794,0.0,131.48
R08_open,u4_first_b2048,static_006,static,False,,,20.000000000000004,1.2532564810935891,5.510076152375825,0.025,147.775
R08_open,u4_first_b512,static_006,static,False,,,20.000000000000004,1.2445989278529284,5.424447830520748,0.045,93.185
R08_open,u2_exhaustive_b2000000,static_007,static,False,,,20.000000000000004,1.1912214124215266,3.3479299934393882,0.0,629.035
R08_open,u2_exhaustive_b2048,static_007,static,False,,,20.000000000000004,0.9116151275041366,4.908409491546166,0.115,729.93
R08_open,u2_exhaustive_b512,static_007,static,False,,,20.000000000000004,0.5860228075964977,16.92458284261965,0.555,436.42
R08_open,u2_first_b2000000,static_007,static,False,,,20.000000000000004,1.1912214124215266,3.3479299934393882,0.0,180.435
R08_open,u2_first_b2048,static_007,static,False,,,20.000000000000004,0.9116151275041366,4.908409491546166,0.115,340.03
R08_open,u2_first_b512,static_007,static,False,,,20.000000000000004,0.7561147012002565,6.287002651056136,0.165,146.18
R08_open,u4_first_b2000000,static_007,static,False,,,20.000000000000004,1.1936303593754467,3.340059737186663,0.0,129.82
R08_open,u4_first_b2048,static_007,static,False,,,20.000000000000004,0.9543057017599175,4.183269308455891,0.08,285.54
R08_open,u4_first_b512,static_007,static,False,,,20.000000000000004,0.7898037699221419,7.460595093563535,0.155,145.85
R08_open,u2_exhaustive_b2000000,static_008,static,False,,,20.000000000000004,1.430923474279228,3.245645478400446,0.0,705.365
R08_open,u2_exhaustive_b2048,static_008,static,False,,,20.000000000000004,0.5886604710464256,5.9403327382553375,0.13,762.535
R08_open,u2_exhaustive_b512,static_008,static,False,,,20.000000000000004,0.3769252257189093,7.95403380435657,0.48,410.99
R08_open,u2_first_b2000000,static_008,static,False,,,20.000000000000004,1.430923474279228,3.245645478400446,0.0,255.57
R08_open,u2_first_b2048,static_008,static,False,,,20.000000000000004,0.5886604710464256,5.9403327382553375,0.13,384.815
R08_open,u2_first_b512,static_008,static,False,,,20.000000000000004,0.42760991271103843,14.107400923530403,0.16,131.4
R08_open,u4_first_b2000000,static_008,static,False,,,20.000000000000004,1.430923474279228,3.245645478400446,0.0,171.785
R08_open,u4_first_b2048,static_008,static,False,,,20.000000000000004,0.8991893540205536,3.3224767001137714,0.09,329.925
R08_open,u4_first_b512,static_008,static,False,,,20.000000000000004,0.3786120680719418,14.621797971164028,0.145,125.16
R08_open,u2_exhaustive_b2000000,static_009,static,False,,,20.000000000000004,1.267249870168955,1.6924369019171062,0.0,805.45
R08_open,u2_exhaustive_b2048,static_009,static,False,,,20.000000000000004,0.5912527469290163,15.481199390561063,0.12,767.17
R08_open,u2_exhaustive_b512,static_009,static,False,,,20.000000000000004,0.19660327696294622,16.791297648087834,0.7,416.0
R08_open,u2_first_b2000000,static_009,static,False,,,20.000000000000004,1.267249870168955,1.6924369019171062,0.0,360.775
R08_open,u2_first_b2048,static_009,static,False,,,20.000000000000004,0.5912527469290163,15.481199390561063,0.12,431.89
R08_open,u2_first_b512,static_009,static,False,,,20.000000000000004,0.30504092331873023,18.917007559300465,0.17,138.86
R08_open,u4_first_b2000000,static_009,static,False,,,20.000000000000004,1.2692958617682573,1.6806321651387943,0.0,231.735
R08_open,u4_first_b2048,static_009,static,False,,,20.000000000000004,0.9071767025243096,3.752511706167396,0.1,390.565
R08_open,u4_first_b512,static_009,static,False,,,20.000000000000004,0.26206405364158136,19.069496380802903,0.155,133.65
R08_open,u2_exhaustive_b2000000,static_010,static,False,,,20.000000000000004,1.1494747022265603,1.9128276300192883,0.0,772.555
R08_open,u2_exhaustive_b2048,static_010,static,False,,,20.000000000000004,0.4934388564835166,3.9513559434399763,0.11,741.08
R08_open,u2_exhaustive_b512,static_010,static,False,,,20.000000000000004,0.0045671445150398116,18.21602375384672,0.63,416.895
R08_open,u2_first_b2000000,static_010,static,False,,,20.000000000000004,1.1494747022265603,1.9128276300192883,0.0,327.89
R08_open,u2_first_b2048,static_010,static,False,,,20.000000000000004,0.4934388564835166,3.9513559434399763,0.11,383.15
R08_open,u2_first_b512,static_010,static,False,,,20.000000000000004,0.19013477102201826,18.996163301385145,0.16,129.755
R08_open,u4_first_b2000000,static_010,static,False,,,20.000000000000004,1.16194146029965,1.930519153607758,0.0,200.62
R08_open,u4_first_b2048,static_010,static,False,,,20.000000000000004,0.8656143849663966,15.342021650634791,0.08,410.9
R08_open,u4_first_b512,static_010,static,False,,,20.000000000000004,0.12090299235874125,16.859882915854552,0.145,121.965
R08_open,u2_exhaustive_b2000000,static_011,static,False,,,20.000000000000004,2.113241423165431,-0.21934082812819078,0.0,757.5
R08_open,u2_exhaustive_b2048,static_011,static,True,,,7.1,-0.030726357548084504,6.859858562752026,0.5070422535211268,1321.4507042253522
R08_open,u2_exhaustive_b512,static_011,static,True,,,7.1,-0.03473090685211977,6.85529241556985,0.647887323943662,426.3521126760563
R08_open,u2_first_b2000000,static_011,static,False,,,20.000000000000004,2.113241423165431,-0.21934082812819078,0.0,252.955
R08_open,u2_first_b2048,static_011,static,True,,,7.1,-0.030726357548084504,6.859858562752026,0.5070422535211268,1258.1549295774648
R08_open,u2_first_b512,static_011,static,True,,,7.1,-0.03473090685211977,6.85529241556985,0.647887323943662,363.056338028169
R08_open,u4_first_b2000000,static_011,static,False,,,20.000000000000004,2.113241423165431,-0.21934082812819078,0.0,165.795
R08_open,u4_first_b2048,static_011,static,True,,,7.1,-0.03205648937279282,6.8605031276710555,0.39436619718309857,1111.112676056338
R08_open,u4_first_b512,static_011,static,True,,,7.1,-0.03549074071464964,6.857976577156492,0.6056338028169014,350.9718309859155
R08_open,u2_exhaustive_b2000000,static_012,static,False,,,20.000000000000004,1.2328928023823944,2.1117927297535566,0.0,689.35
R08_open,u2_exhaustive_b2048,static_012,static,False,,,20.000000000000004,0.4008049269905083,15.662434267242173,0.1,676.27
R08_open,u2_exhaustive_b512,static_012,static,True,,,7.4,-0.026264319003358905,8.257909588839864,0.43243243243243246,417.1081081081081
R08_open,u2_first_b2000000,static_012,static,False,,,20.000000000000004,1.2328928023823944,2.1117927297535566,0.0,236.92
R08_open,u2_first_b2048,static_012,static,False,,,20.000000000000004,0.4008049269905083,15.662434267242173,0.1,347.92
R08_open,u2_first_b512,static_012,static,True,,,7.4,-0.021988844643036742,8.256753263558291,0.40540540540540543,252.43243243243242
R08_open,u4_first_b2000000,static_012,static,False,,,20.000000000000004,1.2834418372147312,2.062703509635943,0.0,170.0
R08_open,u4_first_b2048,static_012,static,False,,,20.000000000000004,0.8861261952955222,2.0320340426124446,0.065,352.39
R08_open,u4_first_b512,static_012,static,True,,,7.4,-0.0569190382203546,8.267150725286912,0.3783783783783784,241.48648648648648
R08_open,u2_exhaustive_b2000000,static_013,static,False,,,20.000000000000004,1.193369713111795,1.2447023721334602,0.0,910.89
R08_open,u2_exhaustive_b2048,static_013,static,True,,,8.0,-0.06970552612683367,7.336633590817485,0.35,1061.0375
R08_open,u2_exhaustive_b512,static_013,static,True,,,8.0,-0.08594414690876628,7.329707759981216,0.525,423.95
R08_open,u2_first_b2000000,static_013,static,False,,,20.000000000000004,1.193369713111795,1.2447023721334602,0.0,468.24
R08_open,u2_first_b2048,static_013,static,True,,,8.0,-0.06970552612683367,7.336633590817485,0.35,911.5625
R08_open,u2_first_b512,static_013,static,True,,,8.0,-0.08615889048602166,7.327681218199173,0.4625,275.8125
R08_open,u4_first_b2000000,static_013,static,False,,,20.000000000000004,1.1555641060639097,1.4896710089767016,0.0,267.63
R08_open,u4_first_b2048,static_013,static,False,,,20.000000000000004,0.4472627210958524,13.683344876508995,0.09,411.66
R08_open,u4_first_b512,static_013,static,True,,,8.0,-0.08707611752478883,7.331360187019927,0.4375,265.6875
R08_open,u2_exhaustive_b2000000,static_014,static,False,,,20.000000000000004,1.4246994995397824,2.324178985860539,0.0,712.55
R08_open,u2_exhaustive_b2048,static_014,static,True,,,6.1,-0.11137732436245695,6.890573984705564,0.3442622950819672,1083.9344262295083
R08_open,u2_exhaustive_b512,static_014,static,True,,,6.1,-0.10962860008191133,6.873043752482787,0.5409836065573771,421.8032786885246
R08_open,u2_first_b2000000,static_014,static,False,,,20.000000000000004,1.4246994995397824,2.324178985860539,0.0,269.35
R08_open,u2_first_b2048,static_014,static,True,,,6.1,-0.11137732436245695,6.890573984705564,0.3442622950819672,969.8032786885246
R08_open,u2_first_b512,static_014,static,True,,,6.1,-0.10962860008191133,6.873043752482787,0.5409836065573771,316.1803278688525
R08_open,u4_first_b2000000,static_014,static,False,,,20.000000000000004,1.4431390740713277,2.2962651656066004,0.0,206.005
R08_open,u4_first_b2048,static_014,static,False,,,20.000000000000004,0.5750262890781449,12.270264392119305,0.095,396.38
R08_open,u4_first_b512,static_014,static,True,,,6.1,-0.11168730230877655,6.877134327272422,0.5081967213114754,303.3606557377049
R08_open,u2_exhaustive_b2000000,static_015,static,False,,,20.000000000000004,1.3838989174423457,3.4586433042171913,0.0,617.095
R08_open,u2_exhaustive_b2048,static_015,static,False,,,20.000000000000004,1.1587513812308325,4.168635978702673,0.04,591.53
R08_open,u2_exhaustive_b512,static_015,static,False,,,20.000000000000004,0.7608449144507834,14.573385818910225,0.44,447.85
R08_open,u2_first_b2000000,static_015,static,False,,,20.000000000000004,1.3838989174423457,3.4586433042171913,0.0,158.865
R08_open,u2_first_b2048,static_015,static,False,,,20.000000000000004,1.1587513812308325,4.168635978702673,0.04,152.125
R08_open,u2_first_b512,static_015,static,False,,,20.000000000000004,1.1239192797764745,4.296101534684999,0.045,89.5
R08_open,u4_first_b2000000,static_015,static,False,,,20.000000000000004,1.3742970087267954,3.43759765647623,0.0,128.895
R08_open,u4_first_b2048,static_015,static,False,,,20.000000000000004,1.1587513812308325,4.168635978702673,0.04,150.375
R08_open,u4_first_b512,static_015,static,False,,,20.000000000000004,1.1239192797764745,4.296101534684999,0.045,89.5
R08_open,u2_exhaustive_b2000000,static_016,static,False,,,20.000000000000004,1.2635844993484358,0.7003782244871566,0.0,863.32
R08_open,u2_exhaustive_b2048,static_016,static,False,,,20.000000000000004,0.3891026353646527,14.688503849092235,0.105,631.925
R08_open,u2_exhaustive_b512,static_016,static,True,,,7.6,-0.004791952267281241,7.764305807372203,0.4342105263157895,411.7105263157895
R08_open,u2_first_b2000000,static_016,static,False,,,20.000000000000004,1.2635844993484358,0.7003782244871566,0.0,405.135
R08_open,u2_first_b2048,static_016,static,False,,,20.000000000000004,0.3891026353646527,14.688503849092235,0.105,356.755
R08_open,u2_first_b512,static_016,static,True,,,7.7,-0.03982886649728734,7.858124173397753,0.38961038961038963,247.37662337662337
R08_open,u4_first_b2000000,static_016,static,False,,,20.000000000000004,1.2644750628353876,0.6957225708950983,0.0,252.415
R08_open,u4_first_b2048,static_016,static,False,,,20.000000000000004,0.8763919336040205,15.263052443883687,0.065,401.725
R08_open,u4_first_b512,static_016,static,True,,,7.6,-0.010225908825075347,7.767446941451655,0.35526315789473684,243.97368421052633
R08_open,u2_exhaustive_b2000000,static_017,static,False,,,20.000000000000004,1.250850087328236,1.5339771292457298,0.0,921.785
R08_open,u2_exhaustive_b2048,static_017,static,True,,,7.9,-0.08775993296808005,7.523374687937563,0.3291139240506329,1033.0632911392406
R08_open,u2_exhaustive_b512,static_017,static,True,,,7.9,-0.09104571104550008,7.513858916761163,0.4936708860759494,415.56962025316454
R08_open,u2_first_b2000000,static_017,static,False,,,20.000000000000004,1.250850087328236,1.5339771292457298,0.0,471.67
R08_open,u2_first_b2048,static_017,static,True,,,7.9,-0.08775993296808005,7.523374687937563,0.3291139240506329,887.8101265822785
R08_open,u2_first_b512,static_017,static,True,,,7.9,-0.09146130897763016,7.513123645743995,0.45569620253164556,272.9240506329114
R08_open,u4_first_b2000000,static_017,static,False,,,20.000000000000004,1.2495392682274846,1.6073888670420073,0.0,272.5
R08_open,u4_first_b2048,static_017,static,False,,,20.000000000000004,0.4744213046537976,13.409187162706317,0.07,324.26
R08_open,u4_first_b512,static_017,static,True,,,7.9,-0.09220308287725798,7.515637698104014,0.43037974683544306,262.67088607594934
R08_open,u2_exhaustive_b2000000,static_018,static,False,,,20.000000000000004,1.472253507632304,3.995019854296526,0.0,545.62
R08_open,u2_exhaustive_b2048,static_018,static,False,,,20.000000000000004,1.251507010925081,4.256146481585797,0.04,585.96
R08_open,u2_exhaustive_b512,static_018,static,False,,,20.000000000000004,0.9014571054741302,4.883218430326785,0.625,469.01
R08_open,u2_first_b2000000,static_018,static,False,,,20.000000000000004,1.472253507632304,3.995019854296526,0.0,85.325
R08_open,u2_first_b2048,static_018,static,False,,,20.000000000000004,1.251507010925081,4.256146481585797,0.04,146.84
R08_open,u2_first_b512,static_018,static,False,,,20.000000000000004,1.251507010925081,4.256146481585797,0.04,85.4
R08_open,u4_first_b2000000,static_018,static,False,,,20.000000000000004,1.472253507632304,3.995019854296526,0.0,77.155
R08_open,u4_first_b2048,static_018,static,False,,,20.000000000000004,1.472253507632304,3.995019854296526,0.0,77.155
R08_open,u4_first_b512,static_018,static,False,,,20.000000000000004,1.251507010925081,4.256146481585797,0.04,85.4
R08_open,u2_exhaustive_b2000000,static_019,static,False,,,20.000000000000004,1.2960163013739452,2.5498851747652793,0.0,743.435
R08_open,u2_exhaustive_b2048,static_019,static,True,,,7.9,-0.08352149879574189,8.445014702083062,0.3291139240506329,1048.607594936709
R08_open,u2_exhaustive_b512,static_019,static,True,,,7.8,-0.040337100361944156,8.360409145182212,0.5512820512820513,430.9102564102564
R08_open,u2_first_b2000000,static_019,static,False,,,20.000000000000004,1.2960163013739452,2.5498851747652793,0.0,290.465
R08_open,u2_first_b2048,static_019,static,True,,,7.9,-0.08352149879574189,8.445014702083062,0.3291139240506329,888.5569620253165
R08_open,u2_first_b512,static_019,static,True,,,7.9,-0.07865793402933863,8.42845730806129,0.4430379746835443,267.59493670886076
R08_open,u4_first_b2000000,static_019,static,False,,,20.000000000000004,1.2960163013739452,2.5498851747652793,0.0,192.55
R08_open,u4_first_b2048,static_019,static,False,,,20.000000000000004,0.9010881011021372,2.364045904948858,0.09,407.035
R08_open,u4_first_b512,static_019,static,True,,,7.8,-0.00862350477869156,8.338046209388313,0.4230769230769231,261.1794871794872
R08_feedback,u2_first_b2000000,crossing_000,crossing,False,False,timeout,40.00000000000001,1.139283148933063,12.879389807543191,0.0,2880.055
R08_feedback,u2_first_b2048,crossing_000,crossing,False,True,goal,15.54,0.33404580799339956,18.291300406111077,0.16025641025641027,476.4166666666667
R08_feedback,u2_first_b512,crossing_000,crossing,False,True,goal,15.48,0.3131180012299061,18.278477340363825,0.24516129032258063,170.67096774193547
R08_feedback,u4_first_b2048,crossing_000,crossing,False,True,goal,17.66,1.235292033878114,18.35889124185947,0.06779661016949153,306.2542372881356
R08_feedback,u4_first_b512,crossing_000,crossing,False,True,goal,15.48,0.32595890713217646,18.27792676601788,0.2129032258064516,158.99354838709678
R08_feedback,u2_first_b2000000,crossing_001,crossing,False,True,goal,15.1,1.866458734844848,15.421679440324468,0.0,1622.1920529801325
R08_feedback,u2_first_b2048,crossing_001,crossing,False,True,goal,14.92,1.0356915413320418,15.682650302782813,0.3466666666666667,853.3266666666667
R08_feedback,u2_first_b512,crossing_001,crossing,False,True,goal,13.860000000000001,0.9007947062933395,15.38005477245785,0.45323741007194246,296.2517985611511
R08_feedback,u4_first_b2048,crossing_001,crossing,False,True,goal,15.04,1.054477596938471,15.748099030833783,0.2847682119205298,779.1324503311258
R08_feedback,u4_first_b512,crossing_001,crossing,False,True,goal,14.5,0.9359334442772083,15.601248552457452,0.41379310344827586,277.11034482758623
R08_feedback,u2_first_b2000000,crossing_002,crossing,False,True,goal,31.6,1.12034303941876,16.122368340441668,0.0,1728.9620253164558
R08_feedback,u2_first_b2048,crossing_002,crossing,True,False,collision,6.76,-0.01020834595805209,7.534573408493354,0.45588235294117646,1183.235294117647
R08_feedback,u2_first_b512,crossing_002,crossing,True,False,collision,6.46,-0.008159394801781072,7.3124959249199355,0.6153846153846154,359.0
R08_feedback,u4_first_b2048,crossing_002,crossing,True,False,collision,7.9,-0.003988659893305546,7.753031192868447,0.2911392405063291,966.9746835443038
R08_feedback,u4_first_b512,crossing_002,crossing,True,False,collision,6.46,-0.009285191623266686,7.312920375545909,0.5846153846153846,347.18461538461537
R08_feedback,u2_first_b2000000,crossing_003,crossing,False,True,goal,22.28,1.2559362509230692,17.60117133377726,0.0,1092.9103139013453
R08_feedback,u2_first_b2048,crossing_003,crossing,True,False,collision,8.3,-0.008542177506185356,9.356666824981833,0.3855421686746988,991.156626506024
R08_feedback,u2_first_b512,crossing_003,crossing,True,False,collision,8.260000000000002,-0.020374856486222725,9.39217646362518,0.4939759036144578,300.65060240963857
R08_feedback,u4_first_b2048,crossing_003,crossing,False,True,goal,20.96,0.009041638797827378,18.065281088520482,0.12380952380952381,441.3952380952381
R08_feedback,u4_first_b512,crossing_003,crossing,True,False,collision,8.260000000000002,-0.021522158995092355,9.393245921266882,0.46987951807228917,291.72289156626505
R08_feedback,u2_first_b2000000,crossing_004,crossing,False,True,goal,22.78,1.239991952485148,17.44228149770258,0.0,1452.1754385964912
R08_feedback,u2_first_b2048,crossing_004,crossing,True,False,collision,9.48,-0.006696800701731953,9.972408670494428,0.3368421052631579,904.1894736842105
R08_feedback,u2_first_b512,crossing_004,crossing,True,False,collision,9.2,-0.006230042681011461,9.816423173586426,0.44565217391304346,295.69565217391306
R08_feedback,u4_first_b2048,crossing_004,crossing,True,False,collision,10.160000000000002,-0.007439454069349982,10.263268282509914,0.22549019607843138,781.5294117647059
R08_feedback,u4_first_b512,crossing_004,crossing,True,False,collision,9.2,-0.006596565460068926,9.817337921244803,0.42391304347826086,287.04347826086956
R08_feedback,u2_first_b2000000,crossing_005,crossing,False,False,timeout,40.00000000000001,1.4432150652723994,15.528098779833616,0.0,2721.7025
R08_feedback,u2_first_b2048,crossing_005,crossing,False,True,goal,28.500000000000004,0.5838463700090719,15.937650481364578,0.19298245614035087,509.4
R08_feedback,u2_first_b512,crossing_005,crossing,True,False,collision,24.62,-0.013132461772050408,8.87218922044495,0.46153846153846156,301.5425101214575
R08_feedback,u4_first_b2048,crossing_005,crossing,False,True,goal,16.02,0.13123480716174207,15.038024990083121,0.2546583850931677,809.4347826086956
R08_feedback,u4_first_b512,crossing_005,crossing,True,False,collision,30.46,-0.012470054923666374,8.910988337034308,0.42950819672131146,275.2065573770492
R08_feedback,u2_first_b2000000,crossing_006,crossing,False,True,goal,28.64,1.3138278012384703,17.391008054195254,0.0,1833.5191637630662
R08_feedback,u2_first_b2048,crossing_006,crossing,True,False,collision,9.46,-0.002502127191728376,9.294133327900918,0.4105263157894737,1017.6421052631579
R08_feedback,u2_first_b512,crossing_006,crossing,True,False,collision,9.2,-0.005580253025838977,9.104134279477343,0.5217391304347826,312.8478260869565
R08_feedback,u4_first_b2048,crossing_006,crossing,True,False,collision,10.6,-0.0039990264128270114,9.744395688891533,0.29245283018867924,900.1415094339623
R08_feedback,u4_first_b512,crossing_006,crossing,True,False,collision,9.2,-0.005762037791950947,9.104145988085934,0.5,304.5
R08_feedback,u2_first_b2000000,crossing_007,crossing,False,True,goal,33.58,1.365657802302887,18.252177258629136,0.0,2554.9851190476193
R08_feedback,u2_first_b2048,crossing_007,crossing,True,False,collision,10.84,-0.0028507432864820492,11.160624498747513,0.43119266055045874,1079.6605504587155
R08_feedback,u2_first_b512,crossing_007,crossing,True,False,collision,10.42,-0.009851754692844383,10.886890175449807,0.5333333333333333,314.73333333333335
R08_feedback,u4_first_b2048,crossing_007,crossing,True,False,collision,11.24,-0.010285418513941269,11.347294011535562,0.3274336283185841,939.2566371681415
R08_feedback,u4_first_b512,crossing_007,crossing,True,False,collision,10.4,-0.008712671897612823,10.855482903116561,0.5096153846153846,308.875
R08_feedback,u2_first_b2000000,crossing_008,crossing,False,False,timeout,40.00000000000001,1.2203441739941487,7.177702639631304,0.0,3273.245
R08_feedback,u2_first_b2048,crossing_008,crossing,True,False,collision,10.0,-0.013417820462430119,10.086201129204332,0.47,1167.65
R08_feedback,u2_first_b512,crossing_008,crossing,True,False,collision,9.88,-0.003993200424751375,9.940215612956717,0.5757575757575758,350.2020202020202
R08_feedback,u4_first_b2048,crossing_008,crossing,True,False,collision,10.180000000000001,-0.0044519298591403356,10.205362719329015,0.3627450980392157,1035.8823529411766
R08_feedback,u4_first_b512,crossing_008,crossing,True,False,collision,9.98,-0.005488519250327006,10.028275426615028,0.55,340.35
R08_feedback,u2_first_b2000000,crossing_009,crossing,False,True,goal,18.82,1.3745415312378002,17.13392025927677,0.0,802.8306878306878
R08_feedback,u2_first_b2048,crossing_009,crossing,True,False,collision,9.12,-0.004689340031869937,9.322908344996595,0.4673913043478261,1119.2065217391305
R08_feedback,u2_first_b512,crossing_009,crossing,True,False,collision,9.1,-0.009940197194566625,9.320502554418075,0.5604395604395604,328.032967032967
R08_feedback,u4_first_b2048,crossing_009,crossing,False,True,goal,21.94,0.9279300265127429,17.241192678498898,0.12272727272727273,440.19545454545454
R08_feedback,u4_first_b512,crossing_009,crossing,True,False,collision,9.1,-0.00927408514948147,9.319471232780163,0.5384615384615384,317.43956043956047
R08_feedback,u2_first_b2000000,crossing_010,crossing,False,True,goal,36.660000000000004,1.1365375703086171,16.816753522808025,0.0,2270.866485013624
R08_feedback,u2_first_b2048,crossing_010,crossing,True,False,collision,8.780000000000001,-0.001956729662813239,8.056952415516717,0.4318181818181818,1066.159090909091
R08_feedback,u2_first_b512,crossing_010,crossing,True,False,collision,8.780000000000001,-0.013724308190048773,8.108625229275232,0.5340909090909091,322.8068181818182
R08_feedback,u4_first_b2048,crossing_010,crossing,True,False,collision,8.82,-0.00805008387671624,8.04988129399882,0.3258426966292135,938.4943820224719
R08_feedback,u4_first_b512,crossing_010,crossing,True,False,collision,8.780000000000001,-0.018459815729256923,8.111012227361996,0.5,312.84090909090907
R08_feedback,u2_first_b2000000,crossing_011,crossing,False,True,goal,29.6,1.050111173103216,15.693681210859022,0.0,1639.7263513513512
R08_feedback,u2_first_b2048,crossing_011,crossing,False,True,goal,15.700000000000001,0.014229337971470746,14.935958659984085,0.2611464968152866,657.8343949044586
R08_feedback,u2_first_b512,crossing_011,crossing,True,False,collision,7.28,-0.012035372030137825,7.281171768735925,0.684931506849315,383.1095890410959
R08_feedback,u4_first_b2048,crossing_011,crossing,True,False,collision,8.54,-0.004124988743826941,7.4770048797415605,0.37209302325581395,1046.1162790697674
R08_feedback,u4_first_b512,crossing_011,crossing,True,False,collision,7.28,-0.013689564713138314,7.28172678777826,0.6575342465753424,372.013698630137
R08_feedback,u2_first_b2000000,crossing_012,crossing,False,True,goal,30.240000000000002,1.2110252870333817,17.68581963909827,0.0,1550.4059405940593
R08_feedback,u2_first_b2048,crossing_012,crossing,True,False,collision,8.96,-0.008081536928484345,9.018389860368037,0.3888888888888889,985.5777777777778
R08_feedback,u2_first_b512,crossing_012,crossing,True,False,collision,8.94,-0.011740623038899334,9.017404473137727,0.5,292.24444444444447
R08_feedback,u4_first_b2048,crossing_012,crossing,True,False,collision,10.680000000000001,-0.00421245493216571,9.433253251031038,0.2523364485981308,767.8224299065421
R08_feedback,u4_first_b512,crossing_012,crossing,True,False,collision,8.94,-0.011504759741596371,9.017197370995259,0.4666666666666667,282.8666666666667
R08_feedback,u2_first_b2000000,crossing_013,crossing,False,False,timeout,40.00000000000001,1.0778368557781084,14.008296070304102,0.0,1895.095
R08_feedback,u2_first_b2048,crossing_013,crossing,True,False,collision,6.78,-0.016253206964848332,7.385773553118933,0.4852941176470588,1236.1617647058824
R08_feedback,u2_first_b512,crossing_013,crossing,True,False,collision,6.76,-0.0044489714735109764,7.385360982177634,0.6323529411764706,358.04411764705884
R08_feedback,u4_first_b2048,crossing_013,crossing,False,True,goal,18.72,1.0561611406142557,15.291194339812058,0.11702127659574468,439.6223404255319
R08_feedback,u4_first_b512,crossing_013,crossing,True,False,collision,6.76,-0.0024711277420427225,7.3842811238870745,0.5882352941176471,345.8382352941176
R08_feedback,u2_first_b2000000,crossing_014,crossing,False,True,goal,30.34,1.3179533729959056,16.837187164834624,0.0,1672.8980263157894
R08_feedback,u2_first_b2048,crossing_014,crossing,True,False,collision,8.48,-0.015610721035390629,9.3011965944787,0.3411764705882353,956.8588235294118
R08_feedback,u2_first_b512,crossing_014,crossing,True,False,collision,8.38,-0.018435549448657662,9.305176790670439,0.4642857142857143,300.45238095238096
R08_feedback,u4_first_b2048,crossing_014,crossing,True,False,collision,8.82,-0.009998006388675762,9.512953359054492,0.25842696629213485,830.8202247191011
R08_feedback,u4_first_b512,crossing_014,crossing,True,False,collision,8.38,-0.012851143256311648,9.30510982035085,0.44047619047619047,290.9761904761905
R08_feedback,u2_first_b2000000,crossing_015,crossing,True,False,collision,10.82,-0.006130761928230144,9.580861306034363,0.0,1959.6238532110092
R08_feedback,u2_first_b2048,crossing_015,crossing,True,False,collision,6.82,-0.007747810395990373,7.946047686687834,0.34782608695652173,944.1449275362319
R08_feedback,u2_first_b512,crossing_015,crossing,True,False,collision,6.74,-0.010896675421863677,7.946293853441848,0.5,295.97058823529414
R08_feedback,u4_first_b2048,crossing_015,crossing,True,False,collision,8.4,-0.002164039233683579,8.3107763968725,0.20238095238095238,711.8214285714286
R08_feedback,u4_first_b512,crossing_015,crossing,True,False,collision,6.74,-0.011565741741745739,7.950251979877034,0.4411764705882353,282.8529411764706
R08_feedback,u2_first_b2000000,crossing_016,crossing,False,True,goal,22.68,1.3401139310327088,17.927758734613917,0.0,1989.8325991189427
R08_feedback,u2_first_b2048,crossing_016,crossing,False,True,goal,15.38,0.21103483281107271,17.468194684254215,0.35714285714285715,863.5844155844156
R08_feedback,u2_first_b512,crossing_016,crossing,False,True,goal,15.34,0.20219349728206637,17.47518450758646,0.4155844155844156,268.3636363636364
R08_feedback,u4_first_b2048,crossing_016,crossing,True,False,collision,10.46,-0.007312056765597208,11.662445800348786,0.38095238095238093,1084.7047619047619
R08_feedback,u4_first_b512,crossing_016,crossing,False,True,goal,15.34,0.21580352500752953,17.465664410012014,0.4025974025974026,262.5584415584416
R08_feedback,u2_first_b2000000,crossing_017,crossing,False,True,goal,20.86,1.4374712218962107,16.323562806511546,0.0,2041.77990430622
R08_feedback,u2_first_b2048,crossing_017,crossing,False,True,goal,14.58,0.6428800463855375,16.13903489531526,0.2602739726027397,699.1780821917808
R08_feedback,u2_first_b512,crossing_017,crossing,False,True,goal,15.1,0.32730257148663267,16.399366230281668,0.304635761589404,216.19205298013244
R08_feedback,u4_first_b2048,crossing_017,crossing,False,True,goal,18.200000000000003,0.905149328315705,16.292801263823335,0.17032967032967034,623.7747252747253
R08_feedback,u4_first_b512,crossing_017,crossing,False,True,goal,14.4,0.3460266262510301,16.17594272616378,0.2986111111111111,217.32638888888889
R08_feedback,u2_first_b2000000,crossing_018,crossing,False,True,goal,32.88,1.3368534391464109,15.895490172273318,0.0,1592.6231003039513
R08_feedback,u2_first_b2048,crossing_018,crossing,True,False,collision,6.16,-0.018219235352653684,7.075683533666844,0.45161290322580644,1158.3709677419354
R08_feedback,u2_first_b512,crossing_018,crossing,True,False,collision,6.12,-0.016539200912873864,7.111674498530411,0.5967741935483871,354.14516129032256
R08_feedback,u4_first_b2048,crossing_018,crossing,True,False,collision,7.880000000000001,-0.007172759468713985,7.728237597195652,0.27848101265822783,927.1012658227849
R08_feedback,u4_first_b512,crossing_018,crossing,True,False,collision,6.12,-0.024516483267566946,7.114391557969928,0.5483870967741935,339.758064516129
R08_feedback,u2_first_b2000000,crossing_019,crossing,False,True,goal,23.38,1.4189095700315244,15.403324087956783,0.0,2313.128205128205
R08_feedback,u2_first_b2048,crossing_019,crossing,True,False,collision,8.760000000000002,-0.001062317902632448,9.007453448371301,0.48863636363636365,1201.6022727272727
R08_feedback,u2_first_b512,crossing_019,crossing,True,False,collision,8.82,-0.015609722558420525,9.062007394932087,0.5730337078651685,355.1011235955056
R08_feedback,u4_first_b2048,crossing_019,crossing,False,True,goal,14.42,0.049391888964863795,14.885106413376583,0.23448275862068965,691.1724137931035
R08_feedback,u4_first_b512,crossing_019,crossing,True,False,collision,8.82,-0.008238704567029687,9.07611941016025,0.5393258426966292,345.4831460674157
R08_feedback,u2_first_b2000000,late_high_throttle_000,late_high_throttle,False,True,goal,10.46,1.2123045319473873,13.998571540627182,0.0,445.77142857142854
R08_feedback,u2_first_b2048,late_high_throttle_000,late_high_throttle,False,True,goal,12.34,0.3456266695631387,14.25576876743227,0.08870967741935484,336.4274193548387
R08_feedback,u2_first_b512,late_high_throttle_000,late_high_throttle,True,False,collision,3.66,-0.02714291642154054,5.9656678573261255,0.5405405405405406,332.1081081081081
R08_feedback,u4_first_b2048,late_high_throttle_000,late_high_throttle,False,True,goal,11.56,1.163513251490827,14.02288171379425,0.034482758620689655,386.4051724137931
R08_feedback,u4_first_b512,late_high_throttle_000,late_high_throttle,True,False,collision,3.66,-0.025995765027762352,5.97245212576054,0.4864864864864865,312.43243243243245
R08_feedback,u2_first_b2000000,late_high_throttle_001,late_high_throttle,False,True,goal,11.08,1.3580592008586618,12.447261459654392,0.0,498.8378378378378
R08_feedback,u2_first_b2048,late_high_throttle_001,late_high_throttle,True,False,collision,3.02,-0.002055295029402937,4.655928311866591,0.3548387096774194,1149.483870967742
R08_feedback,u2_first_b512,late_high_throttle_001,late_high_throttle,True,False,collision,3.04,-0.028879182976871642,4.672424252002379,0.6129032258064516,369.0967741935484
R08_feedback,u4_first_b2048,late_high_throttle_001,late_high_throttle,False,True,goal,11.8,0.9087317380977868,12.4692318823769,0.025423728813559324,367.8220338983051
R08_feedback,u4_first_b512,late_high_throttle_001,late_high_throttle,True,False,collision,3.02,-0.0014325754122733736,4.6490812580610745,0.5483870967741935,350.4516129032258
R08_feedback,u2_first_b2000000,late_high_throttle_002,late_high_throttle,False,True,goal,10.200000000000001,1.2348250819458724,12.55960922845604,0.0,511.2156862745098
R08_feedback,u2_first_b2048,late_high_throttle_002,late_high_throttle,True,False,collision,3.16,-0.027047731350715032,4.748055561029773,0.34375,1130.40625
R08_feedback,u2_first_b512,late_high_throttle_002,late_high_throttle,True,False,collision,3.14,-0.0028606100850210314,4.690349042067252,0.59375,365.59375
R08_feedback,u4_first_b2048,late_high_throttle_002,late_high_throttle,False,True,goal,11.44,0.9030264355752815,12.632628083974463,0.034782608695652174,376.95652173913044
R08_feedback,u4_first_b512,late_high_throttle_002,late_high_throttle,True,False,collision,3.14,-0.00024223554761693133,4.725838340565311,0.53125,346.65625
R08_feedback,u2_first_b2000000,late_high_throttle_003,late_high_throttle,False,True,goal,11.44,1.348213487757083,12.86597178096726,0.0,496.9217391304348
R08_feedback,u2_first_b2048,late_high_throttle_003,late_high_throttle,True,False,collision,3.3600000000000003,-0.00973050110778595,4.79854210115898,0.3235294117647059,1088.6470588235295
R08_feedback,u2_first_b512,late_high_throttle_003,late_high_throttle,True,False,collision,3.4600000000000004,-0.008516773616854323,4.823760781816514,0.6,353.65714285714284
R08_feedback,u4_first_b2048,late_high_throttle_003,late_high_throttle,False,True,goal,11.9,0.9572887072759871,12.917725562616276,0.03361344537815126,397.11764705882354
R08_feedback,u4_first_b512,late_high_throttle_003,late_high_throttle,True,False,collision,3.4200000000000004,-0.016476036314005515,4.783864500495449,0.5428571428571428,329.8857142857143
R08_feedback,u2_first_b2000000,late_high_throttle_004,late_high_throttle,False,True,goal,11.32,0.9015911321509158,11.730089190483383,0.0,587.0175438596491
R08_feedback,u2_first_b2048,late_high_throttle_004,late_high_throttle,True,False,collision,2.6,-0.002165885042685667,3.841387995152509,0.3076923076923077,1179.4615384615386
R08_feedback,u2_first_b512,late_high_throttle_004,late_high_throttle,True,False,collision,2.6,-0.002165885042685667,3.841387995152509,0.6538461538461539,390.15384615384613
R08_feedback,u4_first_b2048,late_high_throttle_004,late_high_throttle,False,True,goal,11.96,0.6530001122939981,11.789931711326018,0.016666666666666666,327.875
R08_feedback,u4_first_b512,late_high_throttle_004,late_high_throttle,True,False,collision,2.6,-0.002992408587358164,3.841933942091095,0.5769230769230769,361.15384615384613
R08_feedback,u2_first_b2000000,late_high_throttle_005,late_high_throttle,False,True,goal,11.3,1.2351079079267508,13.849069628636176,0.0,621.0796460176991
R08_feedback,u2_first_b2048,late_high_throttle_005,late_high_throttle,True,False,collision,4.12,-0.02605850079457872,5.946826904417389,0.38095238095238093,1070.142857142857
R08_feedback,u2_first_b512,late_high_throttle_005,late_high_throttle,True,False,collision,4.12,-0.016756786808308388,5.9134541406370325,0.5714285714285714,337.6190476190476
R08_feedback,u4_first_b2048,late_high_throttle_005,late_high_throttle,False,True,goal,12.34,0.8824219084095313,13.91539223116913,0.056451612903225805,472.258064516129
R08_feedback,u4_first_b512,late_high_throttle_005,late_high_throttle,True,False,collision,4.12,-0.026512908892305176,5.91804698438491,0.5238095238095238,318.26190476190476
R08_feedback,u2_first_b2000000,late_high_throttle_006,late_high_throttle,False,True,goal,10.680000000000001,1.3580504472074093,13.414582365024312,0.0,475.23364485981307
R08_feedback,u2_first_b2048,late_high_throttle_006,late_high_throttle,True,False,collision,3.8400000000000003,-0.006976611217771156,5.6521353226225495,0.28205128205128205,1063.1538461538462
R08_feedback,u2_first_b512,late_high_throttle_006,late_high_throttle,True,False,collision,3.8200000000000003,-0.012164586855841986,5.6301657565940335,0.5897435897435898,350.38461538461536
R08_feedback,u4_first_b2048,late_high_throttle_006,late_high_throttle,False,True,goal,12.04,0.969442366829114,13.49580179490294,0.04132231404958678,404.25619834710744
R08_feedback,u4_first_b512,late_high_throttle_006,late_high_throttle,True,False,collision,3.8200000000000003,-0.0181928848543792,5.636838735409981,0.5384615384615384,330.6923076923077
R08_feedback,u2_first_b2000000,late_high_throttle_007,late_high_throttle,False,True,goal,11.84,1.336218906920204,13.480048838995234,0.0,508.781512605042
R08_feedback,u2_first_b2048,late_high_throttle_007,late_high_throttle,True,False,collision,3.56,-0.021492526322330896,5.620727134532158,0.3611111111111111,1180.0277777777778
R08_feedback,u2_first_b512,late_high_throttle_007,late_high_throttle,True,False,collision,3.54,-0.013760966945320252,5.592012922967456,0.6388888888888888,374.5
R08_feedback,u4_first_b2048,late_high_throttle_007,late_high_throttle,False,True,goal,11.48,0.8784262476848089,13.496905249968352,0.06956521739130435,473.6434782608696
R08_feedback,u4_first_b512,late_high_throttle_007,late_high_throttle,True,False,collision,3.54,-0.020017084157287313,5.59733216124007,0.5833333333333334,354.30555555555554
R08_feedback,u2_first_b2000000,late_high_throttle_008,late_high_throttle,False,True,goal,11.42,1.3183654025826155,13.806210258118654,0.0,466.4260869565217
R08_feedback,u2_first_b2048,late_high_throttle_008,late_high_throttle,True,False,collision,3.8000000000000003,-0.015429731917143141,5.945702204477975,0.3157894736842105,979.5263157894736
R08_feedback,u2_first_b512,late_high_throttle_008,late_high_throttle,True,False,collision,3.8000000000000003,-0.023875504817385096,5.933208996831503,0.5263157894736842,320.86842105263156
R08_feedback,u4_first_b2048,late_high_throttle_008,late_high_throttle,False,True,goal,11.860000000000001,1.1431303748341584,13.816901411437108,0.01680672268907563,275.93277310924367
R08_feedback,u4_first_b512,late_high_throttle_008,late_high_throttle,True,False,collision,3.8000000000000003,-0.025456586184669727,5.943076226261871,0.4473684210526316,300.4736842105263
R08_feedback,u2_first_b2000000,late_high_throttle_009,late_high_throttle,False,True,goal,11.08,1.3855720113963397,13.940199079698326,0.0,456.85585585585585
R08_feedback,u2_first_b2048,late_high_throttle_009,late_high_throttle,True,False,collision,4.0,-0.002864255988790254,6.326614086483367,0.25,891.95
R08_feedback,u2_first_b512,late_high_throttle_009,late_high_throttle,True,False,collision,3.7,-0.005170193419424374,5.985898503558993,0.5405405405405406,320.72972972972974
R08_feedback,u4_first_b2048,late_high_throttle_009,late_high_throttle,False,True,goal,11.4,1.2140443116048591,13.984557125083791,0.02631578947368421,344.2719298245614
R08_feedback,u4_first_b512,late_high_throttle_009,late_high_throttle,True,False,collision,3.7,-0.0049398525210659905,5.987555197644081,0.4864864864864865,311.1081081081081
R08_feedback,u2_first_b2000000,late_high_throttle_010,late_high_throttle,False,True,goal,12.34,1.3359713710036671,14.428982070378641,0.0,414.76612903225805
R08_feedback,u2_first_b2048,late_high_throttle_010,late_high_throttle,True,False,collision,4.56,-0.02127016753028166,6.507770247869799,0.30434782608695654,983.3695652173913
R08_feedback,u2_first_b512,late_high_throttle_010,late_high_throttle,True,False,collision,4.56,-0.02300876761754067,6.507301846230841,0.5217391304347826,319.7173913043478
R08_feedback,u4_first_b2048,late_high_throttle_010,late_high_throttle,False,True,goal,13.34,0.8706089134130248,14.501937461971053,0.05223880597014925,447.589552238806
R08_feedback,u4_first_b512,late_high_throttle_010,late_high_throttle,True,False,collision,4.56,-0.021015654265499006,6.507029338205672,0.4782608695652174,303.32608695652175
R08_feedback,u2_first_b2000000,late_high_throttle_011,late_high_throttle,False,True,goal,10.4,1.3688499295879941,12.288537813904785,0.0,519.3557692307693
R08_feedback,u2_first_b2048,late_high_throttle_011,late_high_throttle,True,False,collision,2.9200000000000004,-0.018155404001234388,4.42712800882044,0.36666666666666664,1212.3333333333333
R08_feedback,u2_first_b512,late_high_throttle_011,late_high_throttle,True,False,collision,2.9200000000000004,-0.007946074428366368,4.416607395021126,0.6666666666666666,382.26666666666665
R08_feedback,u4_first_b2048,late_high_throttle_011,late_high_throttle,False,True,goal,10.5,0.9827373110056593,12.308311393609367,0.0380952380952381,482.1904761904762
R08_feedback,u4_first_b512,late_high_throttle_011,late_high_throttle,True,False,collision,2.9200000000000004,-0.010161677471050012,4.4202621214637805,0.6,369.93333333333334
R08_feedback,u2_first_b2000000,late_high_throttle_012,late_high_throttle,False,True,goal,10.72,1.264401522675791,13.08277979751966,0.0,583.0555555555555
R08_feedback,u2_first_b2048,late_high_throttle_012,late_high_throttle,True,False,collision,3.7800000000000002,-0.007561028856211127,5.296369315820599,0.3684210526315789,1216.8947368421052
R08_feedback,u2_first_b512,late_high_throttle_012,late_high_throttle,True,False,collision,3.8400000000000003,-0.016303268426446582,5.323175230250254,0.6153846153846154,359.3076923076923
R08_feedback,u4_first_b2048,late_high_throttle_012,late_high_throttle,False,True,goal,13.14,0.8014750452738543,13.109712364930608,0.06818181818181818,399.75
R08_feedback,u4_first_b512,late_high_throttle_012,late_high_throttle,True,False,collision,3.8000000000000003,-0.012267889471633264,5.278764401253611,0.5789473684210527,346.44736842105266
R08_feedback,u2_first_b2000000,late_high_throttle_013,late_high_throttle,False,True,goal,12.34,1.3616707249615354,14.519867867909305,0.0,396.31451612903226
R08_feedback,u2_first_b2048,late_high_throttle_013,late_high_throttle,True,False,collision,4.44,-0.015624059681098479,6.683710445525405,0.28888888888888886,887.9555555555555
R08_feedback,u2_first_b512,late_high_throttle_013,late_high_throttle,True,False,collision,4.44,-0.015787942562972224,6.683750388318508,0.4888888888888889,291.6
R08_feedback,u4_first_b2048,late_high_throttle_013,late_high_throttle,False,True,goal,14.08,0.6541008056587008,14.597045753807674,0.0425531914893617,298.79432624113474
R08_feedback,u4_first_b512,late_high_throttle_013,late_high_throttle,True,False,collision,4.44,-0.015678671711306102,6.683718171794806,0.4222222222222222,277.2
R08_feedback,u2_first_b2000000,late_high_throttle_014,late_high_throttle,False,True,goal,11.84,1.3360144842695574,14.405149073446943,0.0,448.34453781512605
R08_feedback,u2_first_b2048,late_high_throttle_014,late_high_throttle,True,False,collision,4.140000000000001,-0.008649208457876867,6.337167045411154,0.23809523809523808,887.6904761904761
R08_feedback,u2_first_b512,late_high_throttle_014,late_high_throttle,True,False,collision,4.140000000000001,-0.02264384708055933,6.337302187169135,0.47619047619047616,296.07142857142856
R08_feedback,u4_first_b2048,late_high_throttle_014,late_high_throttle,False,True,goal,12.54,0.8100036183989631,14.474029051379016,0.03968253968253968,331.515873015873
R08_feedback,u4_first_b512,late_high_throttle_014,late_high_throttle,True,False,collision,4.140000000000001,-0.01944748128748608,6.338026784768261,0.42857142857142855,278.1190476190476
R08_feedback,u2_first_b2000000,late_high_throttle_015,late_high_throttle,False,True,goal,12.52,1.3772457928805337,14.202352365449784,0.0,376.13492063492066
R08_feedback,u2_first_b2048,late_high_throttle_015,late_high_throttle,True,False,collision,4.16,-0.001364194513143624,6.172543664030707,0.2619047619047619,891.0238095238095
R08_feedback,u2_first_b512,late_high_throttle_015,late_high_throttle,True,False,collision,4.16,-0.0013977806911916746,6.172567398044788,0.47619047619047616,297.2142857142857
R08_feedback,u4_first_b2048,late_high_throttle_015,late_high_throttle,False,True,goal,12.88,1.0840762970700617,14.231405591718282,0.03875968992248062,403.14728682170545
R08_feedback,u4_first_b512,late_high_throttle_015,late_high_throttle,True,False,collision,4.16,-0.0015414396933598473,6.172554645647328,0.42857142857142855,279.26190476190476
R08_feedback,u2_first_b2000000,late_high_throttle_016,late_high_throttle,False,True,goal,10.680000000000001,1.3276553039845247,12.867200541554999,0.0,475.39252336448595
R08_feedback,u2_first_b2048,late_high_throttle_016,late_high_throttle,False,True,goal,12.9,0.4376160739304208,13.092977063858505,0.08527131782945736,361.7906976744186
R08_feedback,u2_first_b512,late_high_throttle_016,late_high_throttle,True,False,collision,3.22,-0.017633559292201673,5.027654094967129,0.6363636363636364,363.3636363636364
R08_feedback,u4_first_b2048,late_high_throttle_016,late_high_throttle,False,True,goal,11.260000000000002,1.1513183117869685,12.918745646356614,0.02654867256637168,352.8053097345133
R08_feedback,u4_first_b512,late_high_throttle_016,late_high_throttle,True,False,collision,3.22,-0.017583108657698077,5.027603236167393,0.5454545454545454,343.72727272727275
R08_feedback,u2_first_b2000000,late_high_throttle_017,late_high_throttle,False,True,goal,12.48,1.2456433697694584,13.94733450822301,0.0,575.36
R08_feedback,u2_first_b2048,late_high_throttle_017,late_high_throttle,False,True,goal,13.84,0.36300362846112477,14.128473397089193,0.10071942446043165,405.23741007194246
R08_feedback,u2_first_b512,late_high_throttle_017,late_high_throttle,True,False,collision,4.140000000000001,-0.004437941457712147,5.913203605067898,0.5476190476190477,328.45238095238096
R08_feedback,u4_first_b2048,late_high_throttle_017,late_high_throttle,False,True,goal,13.46,1.0413641041187476,13.983787318404007,0.044444444444444446,414.7185185185185
R08_feedback,u4_first_b512,late_high_throttle_017,late_high_throttle,True,False,collision,4.12,-0.012802886957287707,5.893256731075729,0.5,308.76190476190476
R08_feedback,u2_first_b2000000,late_high_throttle_018,late_high_throttle,False,True,goal,11.24,1.4159037993849133,12.62360152765587,0.0,523.2831858407079
R08_feedback,u2_first_b2048,late_high_throttle_018,late_high_throttle,True,False,collision,3.2600000000000002,-0.01596626601882123,4.8334120762585675,0.3939393939393939,1215.5454545454545
R08_feedback,u2_first_b512,late_high_throttle_018,late_high_throttle,True,False,collision,3.2600000000000002,-0.017991874085404702,4.823754226198486,0.6666666666666666,388.09090909090907
R08_feedback,u4_first_b2048,late_high_throttle_018,late_high_throttle,False,True,goal,12.0,0.9072730301664287,12.648031169668457,0.041666666666666664,402.1666666666667
R08_feedback,u4_first_b512,late_high_throttle_018,late_high_throttle,True,False,collision,3.2600000000000002,-0.01821946787723361,4.809876696392241,0.5757575757575758,368.45454545454544
R08_feedback,u2_first_b2000000,late_high_throttle_019,late_high_throttle,False,True,goal,11.72,1.2794563368203695,14.614249669813104,0.0,474.6186440677966
R08_feedback,u2_first_b2048,late_high_throttle_019,late_high_throttle,True,False,collision,4.48,-0.015810137122592716,6.718248479850786,0.28888888888888886,913.9333333333333
R08_feedback,u2_first_b512,late_high_throttle_019,late_high_throttle,True,False,collision,4.48,-0.021789719455554524,6.71236213798864,0.4888888888888889,301.6666666666667
R08_feedback,u4_first_b2048,late_high_throttle_019,late_high_throttle,False,True,goal,12.8,0.9529446047130162,14.691630061289096,0.0546875,406.578125
R08_feedback,u4_first_b512,late_high_throttle_019,late_high_throttle,True,False,collision,4.48,-0.02097902575229904,6.714761044964973,0.4444444444444444,284.9111111111111
R08_feedback,u2_first_b2000000,static_000,static,False,True,goal,17.72,1.269920548224197,16.880425238101232,0.0,462.60674157303373
R08_feedback,u2_first_b2048,static_000,static,True,False,collision,8.06,-0.0166964558783379,8.88050547981929,0.2716049382716049,725.283950617284
R08_feedback,u2_first_b512,static_000,static,True,False,collision,8.06,-0.01632410097613779,8.880478748513834,0.37037037037037035,233.65432098765433
R08_feedback,u4_first_b2048,static_000,static,False,True,goal,19.04,0.8806580756240368,16.943232314468908,0.05759162303664921,355.4554973821989
R08_feedback,u4_first_b512,static_000,static,True,False,collision,8.06,-0.014389521681606676,8.87842561688974,0.3333333333333333,223.23456790123456
R08_feedback,u2_first_b2000000,static_001,static,False,True,goal,17.02,1.2989982211712348,16.83864482303556,0.0,639.5380116959064
R08_feedback,u2_first_b2048,static_001,static,True,False,collision,8.18,-0.0066180130248717495,9.025022765410913,0.3048780487804878,829.439024390244
R08_feedback,u2_first_b512,static_001,static,True,False,collision,8.18,-0.015506666178423445,9.029000980426709,0.4268292682926829,256.6829268292683
R08_feedback,u4_first_b2048,static_001,static,False,True,goal,19.08,0.6948944487396622,16.916846015067346,0.08376963350785341,382.0523560209424
R08_feedback,u4_first_b512,static_001,static,True,False,collision,8.18,-0.010604904255756664,9.027073190398664,0.3902439024390244,248.609756097561
R08_feedback,u2_first_b2000000,static_002,static,False,True,goal,21.54,1.3552977642082726,18.29360000872761,0.0,684.6574074074074
R08_feedback,u2_first_b2048,static_002,static,True,False,collision,10.160000000000002,-0.0051010798915333,10.259195415892584,0.28431372549019607,729.4607843137255
R08_feedback,u2_first_b512,static_002,static,True,False,collision,10.160000000000002,-0.009722141094311909,10.26151126967265,0.3627450980392157,232.69607843137254
R08_feedback,u4_first_b2048,static_002,static,True,False,collision,10.160000000000002,-0.0028654561507787113,10.256657443191598,0.18627450980392157,634.5784313725491
R08_feedback,u4_first_b512,static_002,static,True,False,collision,10.160000000000002,-0.009479857870058228,10.261514738911728,0.3431372549019608,224.8921568627451
R08_feedback,u2_first_b2000000,static_003,static,False,True,goal,17.46,1.2927383106065928,15.440829522827414,0.0,605.0
R08_feedback,u2_first_b2048,static_003,static,True,False,collision,6.840000000000001,-0.009376796147862687,7.3557549703877285,0.2898550724637681,892.5217391304348
R08_feedback,u2_first_b512,static_003,static,True,False,collision,6.76,-0.012462070930363445,7.330838675016446,0.47058823529411764,284.4852941176471
R08_feedback,u4_first_b2048,static_003,static,False,True,goal,18.62,0.7834023431816528,15.466118281984347,0.06417112299465241,432.19251336898395
R08_feedback,u4_first_b512,static_003,static,True,False,collision,6.76,-0.011510205562044074,7.331583918979189,0.4411764705882353,272.9852941176471
R08_feedback,u2_first_b2000000,static_004,static,False,True,goal,17.500000000000004,1.5134027570235218,17.322315551121083,0.0,511.34285714285716
R08_feedback,u2_first_b2048,static_004,static,True,False,collision,8.04,-0.011486643146595865,9.443185348559181,0.2962962962962963,852.2716049382716
R08_feedback,u2_first_b512,static_004,static,True,False,collision,7.96,-0.014310624379837877,9.424020658836229,0.45,265.675
R08_feedback,u4_first_b2048,static_004,static,False,True,goal,18.400000000000002,0.921180982448852,17.35072456577199,0.09239130434782608,430.8097826086956
R08_feedback,u4_first_b512,static_004,static,True,False,collision,7.96,-0.012295977027585447,9.422890353824517,0.4125,257.4
R08_feedback,u2_first_b2000000,static_005,static,False,True,goal,18.36,1.239335535769617,17.317040616418367,0.0,461.89130434782606
R08_feedback,u2_first_b2048,static_005,static,True,False,collision,8.360000000000001,-0.002552955308135041,9.264280929771415,0.2261904761904762,678.0714285714286
R08_feedback,u2_first_b512,static_005,static,True,False,collision,8.360000000000001,-0.0022940017300300264,9.264187937855207,0.34523809523809523,223.11904761904762
R08_feedback,u4_first_b2048,static_005,static,False,True,goal,20.12,0.38933550896441216,17.419143466095946,0.0594059405940594,315.2821782178218
R08_feedback,u4_first_b512,static_005,static,True,False,collision,8.360000000000001,-0.002288850891729477,9.264166296205424,0.32142857142857145,213.8095238095238
R08_feedback,u2_first_b2000000,static_006,static,False,True,goal,19.740000000000002,1.3186154070324316,17.399535233068406,0.0,731.1565656565657
R08_feedback,u2_first_b2048,static_006,static,True,False,collision,9.56,-0.0012100393853430313,9.647952340844192,0.22916666666666666,649.2291666666666
R08_feedback,u2_first_b512,static_006,static,True,False,collision,9.54,-0.004152697427587282,9.646769428584914,0.3333333333333333,214.16666666666666
R08_feedback,u4_first_b2048,static_006,static,False,True,goal,22.400000000000002,0.5145005542373868,17.49403978515968,0.05357142857142857,322.82589285714283
R08_feedback,u4_first_b512,static_006,static,True,False,collision,9.54,-0.00358451449445385,9.646568606582292,0.3020833333333333,207.125
R08_feedback,u2_first_b2000000,static_007,static,False,True,goal,18.200000000000003,1.3463268207116699,17.577193793276077,0.0,538.5384615384615
R08_feedback,u2_first_b2048,static_007,static,True,False,collision,8.66,-0.021155273936126373,9.682241645490397,0.2413793103448276,686.6206896551724
R08_feedback,u2_first_b512,static_007,static,True,False,collision,8.66,-0.021627080098334805,9.68177299966436,0.3448275862068966,224.27586206896552
R08_feedback,u4_first_b2048,static_007,static,False,True,goal,19.700000000000003,0.8654885287537128,17.622150985243866,0.05583756345177665,355.8781725888325
R08_feedback,u4_first_b512,static_007,static,True,False,collision,8.66,-0.020360622809208473,9.680955133579019,0.3218390804597701,215.28735632183907
R08_feedback,u2_first_b2000000,static_008,static,False,True,goal,14.6,1.0069060275535489,15.961281753971996,0.0,565.3835616438356
R08_feedback,u2_first_b2048,static_008,static,True,False,collision,7.180000000000001,-0.0031357950882769936,8.387587474378115,0.3472222222222222,911.4861111111111
R08_feedback,u2_first_b512,static_008,static,True,False,collision,6.98,-0.01937403551026884,8.221844240889538,0.4857142857142857,286.1714285714286
R08_feedback,u4_first_b2048,static_008,static,False,True,goal,17.400000000000002,0.9375236795119513,16.051456158155396,0.08620689655172414,440.05172413793105
R08_feedback,u4_first_b512,static_008,static,True,False,collision,6.98,-0.017137799709249113,8.222134080131749,0.45714285714285713,277.6
R08_feedback,u2_first_b2000000,static_009,static,False,True,goal,19.200000000000003,1.4176719892671323,16.078221158517444,0.0,482.6354166666667
R08_feedback,u2_first_b2048,static_009,static,True,False,collision,8.06,-0.005192825598646311,8.264406950720817,0.30864197530864196,829.2222222222222
R08_feedback,u2_first_b512,static_009,static,True,False,collision,8.04,-0.0036726447201503865,8.238705944020637,0.41975308641975306,256.77777777777777
R08_feedback,u4_first_b2048,static_009,static,False,True,goal,20.04,0.9350959718183385,16.113990322039214,0.07462686567164178,426.3830845771144
R08_feedback,u4_first_b512,static_009,static,True,False,collision,8.04,-0.001093941435643675,8.239819834277942,0.3950617283950617,246.9506172839506
R08_feedback,u2_first_b2000000,static_010,static,False,True,goal,18.000000000000004,1.4574992490488852,16.623908127868503,0.0,428.0388888888889
R08_feedback,u2_first_b2048,static_010,static,True,False,collision,8.44,-0.021324929343292776,8.745019235600111,0.27058823529411763,736.2941176470588
R08_feedback,u2_first_b512,static_010,static,True,False,collision,8.4,-0.0026933545861375086,8.711418534719366,0.36904761904761907,232.67857142857142
R08_feedback,u4_first_b2048,static_010,static,False,True,goal,19.28,0.9865348533626419,16.685155517817,0.07253886010362694,370.4922279792746
R08_feedback,u4_first_b512,static_010,static,True,False,collision,8.4,-0.005809420712248992,8.713851650797954,0.34523809523809523,223.36904761904762
R08_feedback,u2_first_b2000000,static_011,static,False,True,goal,19.06,1.3610742768548412,14.701305220274364,0.0,817.2041884816754
R08_feedback,u2_first_b2048,static_011,static,True,False,collision,7.16,-0.011555693701731262,6.866545257411783,0.5,1279.7083333333333
R08_feedback,u2_first_b512,static_011,static,True,False,collision,7.08,-0.01730485138589488,6.849406436076242,0.6619718309859155,369.5492957746479
R08_feedback,u4_first_b2048,static_011,static,False,True,goal,20.36,0.6503246018491037,14.71195590913702,0.12745098039215685,467.5686274509804
R08_feedback,u4_first_b512,static_011,static,True,False,collision,7.08,-0.01733106010400065,6.849601314863369,0.6197183098591549,357.46478873239437
R08_feedback,u2_first_b2000000,static_012,static,False,True,goal,17.48,1.3680500519642247,16.124554718996105,0.0,605.6457142857142
R08_feedback,u2_first_b2048,static_012,static,True,False,collision,7.24,-0.011485215640128055,8.152661949495403,0.2602739726027397,775.1095890410959
R08_feedback,u2_first_b512,static_012,static,True,False,collision,7.180000000000001,-0.011229734631336474,8.134244106891542,0.4027777777777778,251.04166666666666
R08_feedback,u4_first_b2048,static_012,static,False,True,goal,18.779999999999998,0.6765891990112529,16.13077699758289,0.05319148936170213,373.1063829787234
R08_feedback,u4_first_b512,static_012,static,True,False,collision,7.180000000000001,-0.011158059985296176,8.134247104854758,0.375,240.18055555555554
R08_feedback,u2_first_b2000000,static_013,static,False,True,goal,19.84,1.3307922140777437,15.16419045050918,0.0,644.2814070351759
R08_feedback,u2_first_b2048,static_013,static,True,False,collision,7.92,-0.005074086365378094,7.2758201222895895,0.3375,901.1875
R08_feedback,u2_first_b512,static_013,static,True,False,collision,7.9,-0.0011368683882027053,7.257416980711816,0.45569620253164556,276.6455696202532
R08_feedback,u4_first_b2048,static_013,static,False,True,goal,22.76,0.4005605040323963,15.364089828760232,0.07456140350877193,298.2324561403509
R08_feedback,u4_first_b512,static_013,static,True,False,collision,7.9,-0.005208258188985959,7.260965210720961,0.43037974683544306,267.253164556962
R08_feedback,u2_first_b2000000,static_014,static,False,True,goal,15.32,1.416316375622459,14.613546644947837,0.0,543.3441558441558
R08_feedback,u2_first_b2048,static_014,static,True,False,collision,6.02,-0.008742700337064369,6.778594480637232,0.4098360655737705,1090.1803278688524
R08_feedback,u2_first_b512,static_014,static,True,False,collision,6.02,-0.01934841974393997,6.795294817928124,0.5737704918032787,331.327868852459
R08_feedback,u4_first_b2048,static_014,static,False,True,goal,16.3,1.0584908983964136,14.641800384279135,0.09815950920245399,486.0920245398773
R08_feedback,u4_first_b512,static_014,static,True,False,collision,6.02,-0.01690385970253172,6.794433665266362,0.5245901639344263,317.4918032786885
R08_feedback,u2_first_b2000000,static_015,static,False,True,goal,18.82,1.311119859540104,17.336235921775163,0.0,458.62433862433863
R08_feedback,u2_first_b2048,static_015,static,True,False,collision,9.139999999999999,-0.008834260226813773,9.484448370967252,0.25,691.0760869565217
R08_feedback,u2_first_b512,static_015,static,True,False,collision,9.139999999999999,-0.009919736261850276,9.483983036887953,0.34782608695652173,224.6413043478261
R08_feedback,u4_first_b2048,static_015,static,False,True,goal,20.68,0.7778191966146029,17.399119874472248,0.057971014492753624,347.24154589371983
R08_feedback,u4_first_b512,static_015,static,True,False,collision,9.139999999999999,-0.008519334489545671,9.483280754449884,0.32608695652173914,216.1413043478261
R08_feedback,u2_first_b2000000,static_016,static,False,True,goal,17.84,1.2700688194672631,15.659081685505086,0.0,547.5977653631285
R08_feedback,u2_first_b2048,static_016,static,True,False,collision,7.46,-0.020567964105875913,7.680530391405299,0.26666666666666666,780.9333333333333
R08_feedback,u2_first_b512,static_016,static,True,False,collision,7.46,-0.020839944346089045,7.677831898651201,0.4,255.14666666666668
R08_feedback,u4_first_b2048,static_016,static,False,True,goal,20.240000000000002,0.6587138894677083,15.718553011137299,0.04433497536945813,318.3497536945813
R08_feedback,u4_first_b512,static_016,static,True,False,collision,7.44,-0.00439853515793065,7.649122938662073,0.36,241.01333333333332
R08_feedback,u2_first_b2000000,static_017,static,False,True,goal,19.76,1.4124982051297637,15.315892491790486,0.0,704.8888888888889
R08_feedback,u2_first_b2048,static_017,static,True,False,collision,7.82,-0.00022848826790633492,7.43641763350367,0.3291139240506329,867.8481012658228
R08_feedback,u2_first_b512,static_017,static,True,False,collision,7.8,-0.00032019194297527864,7.420787477355781,0.44871794871794873,275.11538461538464
R08_feedback,u4_first_b2048,static_017,static,False,True,goal,22.06,0.48397168515093736,15.443219840038982,0.07692307692307693,313.3076923076923
R08_feedback,u4_first_b512,static_017,static,True,False,collision,7.8,-0.008847744588940443,7.424452536943831,0.4230769230769231,262.7435897435897
R08_feedback,u2_first_b2000000,static_018,static,False,True,goal,18.200000000000003,1.3260743131143502,18.076365856308758,0.0,442.1043956043956
R08_feedback,u2_first_b2048,static_018,static,True,False,collision,8.84,-0.021530292595128175,10.223981060184617,0.20224719101123595,596.0449438202247
R08_feedback,u2_first_b512,static_018,static,True,False,collision,8.82,-0.017930084028394466,10.219234955621333,0.30337078651685395,203.8426966292135
R08_feedback,u4_first_b2048,static_018,static,False,True,goal,19.62,0.7128442427653724,18.145481203812004,0.04060913705583756,291.2335025380711
R08_feedback,u4_first_b512,static_018,static,True,False,collision,8.82,-0.01788922079348909,10.219251680309982,0.2808988764044944,195.0561797752809
R08_feedback,u2_first_b2000000,static_019,static,False,True,goal,18.32,1.3510365832931122,16.214038940934294,0.0,455.0
R08_feedback,u2_first_b2048,static_019,static,True,False,collision,7.82,-0.018789638542878184,8.40396238034733,0.31645569620253167,873.746835443038
R08_feedback,u2_first_b512,static_019,static,True,False,collision,7.78,-0.011376637918379617,8.380512210682374,0.4358974358974359,266.88461538461536
R08_feedback,u4_first_b2048,static_019,static,False,True,goal,18.68,0.9585923633113302,16.227243321065327,0.08021390374331551,422.5668449197861
R08_feedback,u4_first_b512,static_019,static,True,False,collision,7.78,-0.018041732744735417,8.381690144523398,0.41025641025641024,256.84615384615387
